BSSIDLabel,RSSLabel,RoomLabel,SSIDLabel,finLabel
06:69:6c:0a:bf:02,-55,1,HUST_WIRELESS,1
20:76:93:3a:ae:78,-75,1,HC5761,1
4a:69:6c:07:a1:e7,-69,1,HUST_WIRELESS_AUTO,1
2a:69:6c:05:c5:25,-71,1,HUST_WIRELESS_AUTO,1
24:05:0f:9b:e7:63,-77,1,zqxll2003,1
08:57:00:7b:63:16,-73,1,TL-WTR9500,1
94:53:30:11:ac:12,-85,1,HP-Print-12-LaserJet Pro MFP,1
88:25:93:58:06:63,-85,1,TP-LINK_580663,1
00:0f:e2:db:26:20,-73,1,ChinaNet,1
4a:69:6c:07:a1:e5,-69,1,HUST_WIRELESS,1
06:69:6c:0a:bf:06,-72,1,HUST_WIRELESS,1
f8:da:0c:73:0f:e7,-73,1,yang,1
0e:69:6c:0a:bf:06,-72,1,HUST_WIRELESS_AUTO,1
2a:69:6c:05:c5:23,-71,1,HUST_WIRELESS,1
6a:69:6c:05:c3:09,-91,1,HUST_WIRELESS_AUTO,1
7a:69:6c:07:96:78,-93,1,HUST_WIRELESS,1
4a:cf:5e:50:5f:67,-91,1,ACynthia_GY,1
0e:69:6c:0b:21:d2,-87,1,HUST_WIRELESS_AUTO,1
06:69:6c:0b:21:d2,-88,1,HUST_WIRELESS,1
6a:69:6c:05:c3:07,-90,1,HUST_WIRELESS,1
0e:69:6c:0a:bf:02,-54,1,HUST_WIRELESS_AUTO,1
aa:69:6c:07:90:fb,-91,1,HUST_WIRELESS,1
ea:69:6c:07:92:41,-91,1,HUST_WIRELESS_AUTO,1
fc:d7:33:bc:81:0e,-91,1,1604,1
ea:69:6c:07:92:4f,-91,1,HUST_WIRELESS,1
42:49:0f:06:46:77,-90,1,DIRECT-77-HP M427 LaserJet,1
b0:d5:9d:8c:2d:b1,-93,1,360免费WiFi-B1,1
da:69:6c:07:8e:90,-93,1,HUST_WIRELESS_AUTO,1
00:0f:e2:98:15:10,-93,1,ChinaNet,1
da:69:6c:07:8e:9e,-93,1,HUST_WIRELESS,1
60:0b:03:09:08:31,-82,1,HUST_WIRELESS_AUTO,1
60:0b:03:0e:29:b1,-85,1,HUST_WIRELESS_AUTO,1
fa:69:6c:07:93:22,-92,1,HUST_WIRELESS_AUTO,1
60:0b:03:0e:29:b0,-85,1,HUST_WIRELESS,1
06:69:6c:0a:bf:02,-50,1,HUST_WIRELESS,2
20:76:93:3a:ae:78,-72,1,HC5761,2
4a:69:6c:07:a1:e7,-71,1,HUST_WIRELESS_AUTO,2
2a:69:6c:05:c5:25,-73,1,HUST_WIRELESS_AUTO,2
24:05:0f:9b:e7:63,-82,1,zqxll2003,2
88:25:93:58:06:63,-80,1,TP-LINK_580663,2
00:0f:e2:db:26:20,-74,1,ChinaNet,2
4a:69:6c:07:a1:e5,-71,1,HUST_WIRELESS,2
06:69:6c:0a:bf:06,-66,1,HUST_WIRELESS,2
0e:69:6c:0a:bf:06,-66,1,HUST_WIRELESS_AUTO,2
2a:69:6c:05:c5:23,-73,1,HUST_WIRELESS,2
6a:69:6c:05:c3:07,-93,1,HUST_WIRELESS,2
0e:69:6c:0a:bf:02,-50,1,HUST_WIRELESS_AUTO,2
4a:cf:5e:50:5f:67,-88,1,ACynthia_GY,2
6a:69:6c:05:c3:09,-91,1,HUST_WIRELESS_AUTO,2
06:69:6c:0a:be:fa,-82,1,HUST_WIRELESS,2
94:53:30:11:ac:12,-83,1,HP-Print-12-LaserJet Pro MFP,2
00:87:46:20:fb:02,-83,1,360WiFi-FB02,2
42:49:0f:06:46:77,-89,1,DIRECT-77-HP M427 LaserJet,2
02:c2:c6:c4:41:d1,-79,1,DIRECT-sKHD-MIBOOKmsHD,2
a8:57:4e:4d:5f:40,-85,1,511,2
0e:69:6c:0b:21:d2,-85,1,HUST_WIRELESS_AUTO,2
06:69:6c:0b:21:d2,-85,1,HUST_WIRELESS,2
06:69:6c:0b:22:8a,-88,1,HUST_WIRELESS,2
f8:da:0c:73:0f:e7,-72,1,yang,2
fa:69:6c:07:93:22,-91,1,HUST_WIRELESS_AUTO,2
fa:69:6c:07:93:20,-93,1,HUST_WIRELESS,2
0e:69:6c:0a:c0:86,-87,1,HUST_WIRELESS_AUTO,2
08:57:00:7b:63:16,-91,1,TL-WTR9500,2
06:69:6c:0a:c0:86,-87,1,HUST_WIRELESS,2
06:69:6c:0a:bf:02,-55,1,HUST_WIRELESS,3
20:76:93:3a:ae:78,-73,1,HC5761,3
4a:69:6c:07:a1:e7,-57,1,HUST_WIRELESS_AUTO,3
2a:69:6c:05:c5:25,-67,1,HUST_WIRELESS_AUTO,3
00:0f:e2:db:26:20,-78,1,ChinaNet,3
4a:69:6c:07:a1:e5,-57,1,HUST_WIRELESS,3
2a:69:6c:05:c5:23,-67,1,HUST_WIRELESS,3
0e:69:6c:0a:bf:06,-64,1,HUST_WIRELESS_AUTO,3
06:69:6c:0a:bf:06,-64,1,HUST_WIRELESS,3
88:25:93:58:06:63,-85,1,TP-LINK_580663,3
08:57:00:7b:63:16,-80,1,TL-WTR9500,3
4c:e6:76:c9:fc:00,-84,1,HongboJiangOffice,3
60:0b:03:0e:2b:b1,-83,1,HUST_WIRELESS_AUTO,3
60:0b:03:0e:2b:b0,-84,1,HUST_WIRELESS,3
aa:69:6c:07:90:fd,-82,1,HUST_WIRELESS_AUTO,3
aa:69:6c:07:90:fb,-83,1,HUST_WIRELESS,3
94:53:30:11:ac:12,-89,1,HP-Print-12-LaserJet Pro MFP,3
f8:da:0c:73:0f:e7,-72,1,yang,3
7a:69:6c:07:96:7a,-88,1,HUST_WIRELESS_AUTO,3
fa:69:6c:07:93:20,-91,1,HUST_WIRELESS,3
60:0b:03:09:08:31,-78,1,HUST_WIRELESS_AUTO,3
4a:cf:5e:50:5f:67,-84,1,ACynthia_GY,3
4a:69:6c:07:9a:67,-93,1,HUST_WIRELESS_AUTO,3
60:0b:03:09:08:30,-78,1,HUST_WIRELESS,3
7a:69:6c:07:96:78,-88,1,HUST_WIRELESS,3
24:05:0f:9b:e7:63,-83,1,zqxll2003,3
b0:d5:9d:8c:2d:b1,-88,1,360免费WiFi-B1,3
aa:69:6c:05:c4:5d,-95,1,HUST_WIRELESS_AUTO,3
06:69:6c:0b:21:d2,-87,1,HUST_WIRELESS,3
aa:69:6c:05:c4:5b,-95,1,HUST_WIRELESS,3
0e:69:6c:0a:bf:02,-55,1,HUST_WIRELESS_AUTO,3
0e:69:6c:0a:be:fa,-82,1,HUST_WIRELESS_AUTO,3
0e:69:6c:0b:22:8a,-87,1,HUST_WIRELESS_AUTO,3
06:69:6c:0b:22:8a,-87,1,HUST_WIRELESS,3
06:69:6c:0a:bf:02,-57,1,HUST_WIRELESS,4
20:76:93:3a:ae:78,-62,1,HC5761,4
4a:69:6c:07:a1:e7,-49,1,HUST_WIRELESS_AUTO,4
2a:69:6c:05:c5:25,-74,1,HUST_WIRELESS_AUTO,4
00:0f:e2:db:26:20,-74,1,ChinaNet,4
4a:69:6c:07:a1:e5,-50,1,HUST_WIRELESS,4
2a:69:6c:05:c5:23,-73,1,HUST_WIRELESS,4
0e:69:6c:0a:bf:06,-68,1,HUST_WIRELESS_AUTO,4
06:69:6c:0a:bf:06,-67,1,HUST_WIRELESS,4
88:25:93:58:06:63,-82,1,TP-LINK_580663,4
08:57:00:7b:63:16,-73,1,TL-WTR9500,4
aa:69:6c:07:90:fd,-91,1,HUST_WIRELESS_AUTO,4
aa:69:6c:07:90:fb,-91,1,HUST_WIRELESS,4
24:05:0f:9b:e7:63,-78,1,zqxll2003,4
b0:d5:9d:92:64:90,-87,1,315,4
0e:69:6c:0a:bf:02,-57,1,HUST_WIRELESS_AUTO,4
06:69:6c:0a:be:fa,-82,1,HUST_WIRELESS,4
60:0b:03:09:08:31,-85,1,HUST_WIRELESS_AUTO,4
60:0b:03:09:08:30,-85,1,HUST_WIRELESS,4
0e:69:6c:0a:be:fa,-81,1,HUST_WIRELESS_AUTO,4
4a:cf:5e:50:5f:67,-85,1,ACynthia_GY,4
fa:69:6c:07:93:22,-89,1,HUST_WIRELESS_AUTO,4
00:87:46:20:fb:02,-91,1,360WiFi-FB02,4
42:49:0f:06:46:77,-78,1,DIRECT-77-HP M427 LaserJet,4
60:0b:03:0e:2b:b1,-84,1,HUST_WIRELESS_AUTO,4
02:c2:c6:c4:41:d1,-88,1,DIRECT-sKHD-MIBOOKmsHD,4
fc:d7:33:bc:81:0e,-95,1,1604,4
00:0f:e2:98:15:10,-91,1,ChinaNet,4
06:69:6c:0a:bf:02,-47,1,HUST_WIRELESS,5
20:76:93:3a:ae:78,-63,1,HC5761,5
4a:69:6c:07:a1:e7,-62,1,HUST_WIRELESS_AUTO,5
2a:69:6c:05:c5:25,-58,1,HUST_WIRELESS_AUTO,5
00:0f:e2:db:26:20,-65,1,ChinaNet,5
4a:69:6c:07:a1:e5,-60,1,HUST_WIRELESS,5
2a:69:6c:05:c5:23,-59,1,HUST_WIRELESS,5
0e:69:6c:0a:bf:06,-70,1,HUST_WIRELESS_AUTO,5
06:69:6c:0a:bf:06,-69,1,HUST_WIRELESS,5
08:57:00:7b:63:16,-78,1,TL-WTR9500,5
24:05:0f:9b:e7:63,-82,1,zqxll2003,5
42:49:0f:06:46:77,-85,1,DIRECT-77-HP M427 LaserJet,5
7a:69:6c:07:96:78,-83,1,HUST_WIRELESS,5
88:25:93:58:06:63,-77,1,TP-LINK_580663,5
0e:69:6c:0a:bf:02,-46,1,HUST_WIRELESS_AUTO,5
0e:69:6c:0b:21:d2,-88,1,HUST_WIRELESS_AUTO,5
94:53:30:11:ac:12,-75,1,HP-Print-12-LaserJet Pro MFP,5
4c:e6:76:c9:fc:00,-83,1,HongboJiangOffice,5
a8:57:4e:4d:5f:40,-83,1,511,5
f8:da:0c:73:0f:e7,-71,1,yang,5
0e:69:6c:0a:be:fa,-80,1,HUST_WIRELESS_AUTO,5
f0:b4:29:3c:68:ef,-90,1,Seven,5
06:69:6c:0a:be:fa,-81,1,HUST_WIRELESS,5
38:22:d6:aa:15:30,-89,1,ChinaNet,5
60:0b:03:0e:2b:b1,-84,1,HUST_WIRELESS_AUTO,5
b0:d5:9d:8c:2d:b1,-86,1,360免费WiFi-B1,5
7c:d1:c3:76:79:fa,-93,1,ADESKTOP-ELSA6EU,5
6a:69:6c:05:c3:09,-93,1,HUST_WIRELESS_AUTO,5
6a:69:6c:05:c3:07,-90,1,HUST_WIRELESS,5
4a:cf:5e:50:5f:67,-86,1,ACynthia_GY,5
fc:d7:33:bc:81:0e,-92,1,1604,5
06:69:6c:0a:bf:02,-56,1,HUST_WIRELESS,6
20:76:93:3a:ae:78,-77,1,HC5761,6
4a:69:6c:07:a1:e7,-59,1,HUST_WIRELESS_AUTO,6
2a:69:6c:05:c5:25,-65,1,HUST_WIRELESS_AUTO,6
00:0f:e2:db:26:20,-76,1,ChinaNet,6
4a:69:6c:07:a1:e5,-60,1,HUST_WIRELESS,6
2a:69:6c:05:c5:23,-64,1,HUST_WIRELESS,6
0e:69:6c:0a:bf:06,-66,1,HUST_WIRELESS_AUTO,6
06:69:6c:0a:bf:06,-67,1,HUST_WIRELESS,6
24:05:0f:9b:e7:63,-84,1,zqxll2003,6
0e:69:6c:0a:bf:02,-56,1,HUST_WIRELESS_AUTO,6
08:57:00:7b:63:16,-82,1,TL-WTR9500,6
f8:da:0c:73:0f:e7,-77,1,yang,6
94:53:30:11:ac:12,-88,1,HP-Print-12-LaserJet Pro MFP,6
88:25:93:58:06:63,-83,1,TP-LINK_580663,6
a8:57:4e:4d:5f:40,-85,1,511,6
60:0b:03:0e:2b:b1,-79,1,HUST_WIRELESS_AUTO,6
60:0b:03:0e:2b:b0,-79,1,HUST_WIRELESS,6
60:0b:03:09:08:30,-84,1,HUST_WIRELESS,6
aa:69:6c:07:90:fd,-85,1,HUST_WIRELESS_AUTO,6
00:87:46:20:fb:02,-90,1,360WiFi-FB02,6
aa:69:6c:07:90:fb,-86,1,HUST_WIRELESS,6
60:0b:03:09:08:31,-84,1,HUST_WIRELESS_AUTO,6
00:0f:e2:98:15:10,-93,1,ChinaNet,6
4a:cf:5e:50:5f:67,-83,1,ACynthia_GY,6
2a:69:6c:07:9e:45,-90,1,HUST_WIRELESS_AUTO,6
f0:b4:29:3c:68:ef,-91,1,Seven,6
2a:69:6c:07:9e:43,-92,1,HUST_WIRELESS,6
02:c2:c6:c4:41:d1,-83,1,DIRECT-sKHD-MIBOOKmsHD,6
4c:e6:76:c9:fc:00,-87,1,HongboJiangOffice,6
ea:69:6c:07:91:f1,-94,1,HUST_WIRELESS_AUTO,6
06:69:6c:0b:21:d2,-85,1,HUST_WIRELESS,6
4a:69:6c:07:96:55,-93,1,HUST_WIRELESS,6
06:69:6c:0a:bf:02,-62,1,HUST_WIRELESS,7
20:76:93:3a:ae:78,-64,1,HC5761,7
4a:69:6c:07:a1:e7,-60,1,HUST_WIRELESS_AUTO,7
2a:69:6c:05:c5:25,-70,1,HUST_WIRELESS_AUTO,7
00:0f:e2:db:26:20,-73,1,ChinaNet,7
4a:69:6c:07:a1:e5,-60,1,HUST_WIRELESS,7
2a:69:6c:05:c5:23,-70,1,HUST_WIRELESS,7
0e:69:6c:0a:bf:06,-69,1,HUST_WIRELESS_AUTO,7
06:69:6c:0a:bf:06,-71,1,HUST_WIRELESS,7
24:05:0f:9b:e7:63,-71,1,zqxll2003,7
7a:69:6c:07:96:78,-89,1,HUST_WIRELESS,7
88:25:93:58:06:63,-83,1,TP-LINK_580663,7
7a:69:6c:07:96:7a,-89,1,HUST_WIRELESS_AUTO,7
0e:69:6c:0a:bf:02,-61,1,HUST_WIRELESS_AUTO,7
42:49:0f:06:46:77,-81,1,DIRECT-77-HP M427 LaserJet,7
08:57:00:7b:63:16,-74,1,TL-WTR9500,7
60:0b:03:0e:2b:b1,-83,1,HUST_WIRELESS_AUTO,7
fa:69:6c:07:93:22,-91,1,HUST_WIRELESS_AUTO,7
fa:69:6c:07:93:20,-91,1,HUST_WIRELESS,7
f8:da:0c:73:0f:e7,-75,1,yang,7
4c:e6:76:c9:fc:00,-81,1,HongboJiangOffice,7
fc:d7:33:bc:81:0e,-88,1,1604,7
60:0b:03:0e:2b:b0,-83,1,HUST_WIRELESS,7
00:87:46:20:fb:02,-91,1,360WiFi-FB02,7
aa:69:6c:07:90:fd,-88,1,HUST_WIRELESS_AUTO,7
6a:69:6c:05:c3:07,-90,1,HUST_WIRELESS,7
0e:69:6c:0a:be:fa,-84,1,HUST_WIRELESS_AUTO,7
4a:cf:5e:50:5f:67,-87,1,ACynthia_GY,7
b0:d5:9d:8c:2d:b1,-91,1,360免费WiFi-B1,7
b0:d5:9d:92:64:90,-92,1,315,7
4a:69:6c:07:96:57,-93,1,HUST_WIRELESS_AUTO,7
06:69:6c:0a:be:fa,-84,1,HUST_WIRELESS,7
aa:69:6c:05:c4:5b,-95,1,HUST_WIRELESS,7
06:69:6c:0a:bf:02,-52,1,HUST_WIRELESS,8
20:76:93:3a:ae:78,-73,1,HC5761,8
4a:69:6c:07:a1:e7,-66,1,HUST_WIRELESS_AUTO,8
2a:69:6c:05:c5:25,-61,1,HUST_WIRELESS_AUTO,8
00:0f:e2:db:26:20,-65,1,ChinaNet,8
4a:69:6c:07:a1:e5,-67,1,HUST_WIRELESS,8
2a:69:6c:05:c5:23,-62,1,HUST_WIRELESS,8
0e:69:6c:0a:bf:06,-64,1,HUST_WIRELESS_AUTO,8
06:69:6c:0a:bf:06,-65,1,HUST_WIRELESS,8
24:05:0f:9b:e7:63,-74,1,zqxll2003,8
7a:69:6c:07:96:78,-91,1,HUST_WIRELESS,8
88:25:93:58:06:63,-88,1,TP-LINK_580663,8
4a:cf:5e:50:5f:67,-85,1,ACynthia_GY,8
7a:69:6c:07:96:7a,-93,1,HUST_WIRELESS_AUTO,8
0e:69:6c:0a:bf:02,-48,1,HUST_WIRELESS_AUTO,8
42:49:0f:06:46:77,-79,1,DIRECT-77-HP M427 LaserJet,8
00:87:46:20:fb:02,-91,1,360WiFi-FB02,8
b0:d5:9d:8c:2d:b1,-84,1,360免费WiFi-B1,8
6a:69:6c:05:c3:09,-87,1,HUST_WIRELESS_AUTO,8
f8:da:0c:73:0f:e7,-79,1,yang,8
60:0b:03:0e:2b:b1,-86,1,HUST_WIRELESS_AUTO,8
0e:69:6c:0b:22:8a,-88,1,HUST_WIRELESS_AUTO,8
7c:d1:c3:76:79:fa,-93,1,ADESKTOP-ELSA6EU,8
60:0b:03:0e:2b:b0,-85,1,HUST_WIRELESS,8
06:69:6c:0b:22:8a,-88,1,HUST_WIRELESS,8
a8:57:4e:4d:5f:40,-79,1,511,8
0e:69:6c:0a:be:fa,-82,1,HUST_WIRELESS_AUTO,8
06:69:6c:0a:be:fa,-82,1,HUST_WIRELESS,8
0e:69:6c:0b:1f:1e,-90,1,HUST_WIRELESS_AUTO,8
aa:69:6c:07:90:fb,-90,1,HUST_WIRELESS,8
fa:69:6c:07:93:20,-91,1,HUST_WIRELESS,8
06:69:6c:0a:bf:02,-54,1,HUST_WIRELESS,9
4a:69:6c:07:a1:e7,-59,1,HUST_WIRELESS_AUTO,9
2a:69:6c:05:c5:25,-77,1,HUST_WIRELESS_AUTO,9
00:0f:e2:db:26:20,-70,1,ChinaNet,9
4a:69:6c:07:a1:e5,-60,1,HUST_WIRELESS,9
2a:69:6c:05:c5:23,-79,1,HUST_WIRELESS,9
0e:69:6c:0a:bf:06,-66,1,HUST_WIRELESS_AUTO,9
06:69:6c:0a:bf:06,-66,1,HUST_WIRELESS,9
08:57:00:7b:63:16,-64,1,TL-WTR9500,9
42:49:0f:06:46:77,-78,1,DIRECT-77-HP M427 LaserJet,9
24:05:0f:9b:e7:63,-77,1,zqxll2003,9
20:76:93:3a:ae:78,-68,1,HC5761,9
88:25:93:58:06:63,-84,1,TP-LINK_580663,9
60:0b:03:0e:2b:b1,-82,1,HUST_WIRELESS_AUTO,9
b0:d5:9d:92:64:90,-89,1,315,9
60:0b:03:0e:2b:b0,-83,1,HUST_WIRELESS,9
da:69:6c:07:8d:50,-93,1,HUST_WIRELESS_AUTO,9
fa:69:6c:07:93:20,-90,1,HUST_WIRELESS,9
da:69:6c:07:8e:9e,-90,1,HUST_WIRELESS,9
4c:e6:76:c9:fc:00,-84,1,HongboJiangOffice,9
0e:69:6c:0a:be:fa,-85,1,HUST_WIRELESS_AUTO,9
ea:69:6c:07:91:f1,-89,1,HUST_WIRELESS_AUTO,9
46:27:1e:27:cc:05,-93,1,360免费WiFi-N7,9
06:69:6c:0a:be:fa,-85,1,HUST_WIRELESS,9
da:69:6c:07:8d:5e,-91,1,HUST_WIRELESS,9
0e:69:6c:0b:22:8a,-87,1,HUST_WIRELESS_AUTO,9
fa:69:6c:07:93:22,-89,1,HUST_WIRELESS_AUTO,9
06:69:6c:0b:22:8a,-87,1,HUST_WIRELESS,9
ea:69:6c:07:91:ff,-89,1,HUST_WIRELESS,9
0e:69:6c:0a:bf:02,-54,1,HUST_WIRELESS_AUTO,9
f8:da:0c:73:0f:e7,-77,1,yang,9
4a:cf:5e:50:5f:67,-89,1,ACynthia_GY,9
7a:69:6c:07:96:7a,-86,1,HUST_WIRELESS_AUTO,9
00:87:46:20:fb:02,-91,1,360WiFi-FB02,9
02:c2:c6:c4:41:d1,-79,1,DIRECT-sKHD-MIBOOKmsHD,9
06:69:6c:0a:bf:02,-45,1,HUST_WIRELESS,10
4a:69:6c:07:a1:e7,-61,1,HUST_WIRELESS_AUTO,10
2a:69:6c:05:c5:25,-64,1,HUST_WIRELESS_AUTO,10
00:0f:e2:db:26:20,-67,1,ChinaNet,10
4a:69:6c:07:a1:e5,-62,1,HUST_WIRELESS,10
2a:69:6c:05:c5:23,-65,1,HUST_WIRELESS,10
06:69:6c:0a:bf:06,-55,1,HUST_WIRELESS,10
08:57:00:7b:63:16,-74,1,TL-WTR9500,10
24:05:0f:9b:e7:63,-80,1,zqxll2003,10
20:76:93:3a:ae:78,-77,1,HC5761,10
88:25:93:58:06:63,-83,1,TP-LINK_580663,10
00:87:46:20:fb:02,-91,1,360WiFi-FB02,10
0e:69:6c:0a:bf:06,-55,1,HUST_WIRELESS_AUTO,10
4a:cf:5e:50:5f:67,-83,1,ACynthia_GY,10
a8:57:4e:4d:5f:40,-81,1,511,10
60:0b:03:0e:29:b1,-86,1,HUST_WIRELESS_AUTO,10
60:0b:03:0e:29:b0,-86,1,HUST_WIRELESS,10
94:53:30:11:ac:12,-81,1,HP-Print-12-LaserJet Pro MFP,10
4c:e6:76:c9:fc:00,-82,1,HongboJiangOffice,10
7a:69:6c:07:96:78,-83,1,HUST_WIRELESS,10
06:69:6c:0b:22:8a,-86,1,HUST_WIRELESS,10
aa:69:6c:07:90:fb,-91,1,HUST_WIRELESS,10
0e:69:6c:0a:bf:02,-45,1,HUST_WIRELESS_AUTO,10
7a:69:6c:07:96:7a,-82,1,HUST_WIRELESS_AUTO,10
42:49:0f:06:46:77,-84,1,DIRECT-77-HP M427 LaserJet,10
b0:d5:9d:8c:2d:b1,-87,1,360免费WiFi-B1,10
fa:69:6c:07:93:20,-89,1,HUST_WIRELESS,10
fa:69:6c:07:93:22,-88,1,HUST_WIRELESS_AUTO,10
06:69:6c:0a:bf:02,-62,1,HUST_WIRELESS,11
20:76:93:3a:ae:78,-67,1,HC5761,11
4a:69:6c:07:a1:e7,-61,1,HUST_WIRELESS_AUTO,11
2a:69:6c:05:c5:25,-67,1,HUST_WIRELESS_AUTO,11
24:05:0f:9b:e7:63,-77,1,zqxll2003,11
00:0f:e2:db:26:20,-72,1,ChinaNet,11
4a:69:6c:07:a1:e5,-62,1,HUST_WIRELESS,11
2a:69:6c:05:c5:23,-67,1,HUST_WIRELESS,11
0e:69:6c:0a:bf:02,-62,1,HUST_WIRELESS_AUTO,11
0e:69:6c:0a:bf:06,-75,1,HUST_WIRELESS_AUTO,11
06:69:6c:0a:bf:06,-75,1,HUST_WIRELESS,11
88:25:93:58:06:63,-89,1,TP-LINK_580663,11
42:49:0f:06:46:77,-87,1,DIRECT-77-HP M427 LaserJet,11
06:69:6c:0a:be:fa,-83,1,HUST_WIRELESS,11
f8:da:0c:73:0f:e7,-60,1,yang,11
00:87:46:20:fb:02,-91,1,360WiFi-FB02,11
0e:69:6c:0a:be:fa,-82,1,HUST_WIRELESS_AUTO,11
6a:69:6c:05:c3:09,-86,1,HUST_WIRELESS_AUTO,11
6a:69:6c:05:c3:07,-86,1,HUST_WIRELESS,11
08:57:00:7b:63:16,-87,1,TL-WTR9500,11
0e:69:6c:0b:21:d2,-88,1,HUST_WIRELESS_AUTO,11
7a:69:6c:07:96:7a,-91,1,HUST_WIRELESS_AUTO,11
aa:69:6c:07:90:fd,-93,1,HUST_WIRELESS_AUTO,11
06:69:6c:0b:21:d2,-88,1,HUST_WIRELESS,11
7a:69:6c:07:96:78,-91,1,HUST_WIRELESS,11
06:69:6c:0a:bf:02,-52,1,HUST_WIRELESS,12
20:76:93:3a:ae:78,-76,1,HC5761,12
4a:69:6c:07:a1:e7,-65,1,HUST_WIRELESS_AUTO,12
2a:69:6c:05:c5:25,-75,1,HUST_WIRELESS_AUTO,12
24:05:0f:9b:e7:63,-71,1,zqxll2003,12
00:0f:e2:db:26:20,-71,1,ChinaNet,12
4a:69:6c:07:a1:e5,-65,1,HUST_WIRELESS,12
2a:69:6c:05:c5:23,-75,1,HUST_WIRELESS,12
08:57:00:7b:63:16,-86,1,TL-WTR9500,12
0e:69:6c:0a:bf:02,-52,1,HUST_WIRELESS_AUTO,12
f8:da:0c:73:0f:e7,-71,1,yang,12
0e:69:6c:0a:bf:06,-70,1,HUST_WIRELESS_AUTO,12
06:69:6c:0a:bf:06,-70,1,HUST_WIRELESS,12
88:25:93:58:06:63,-85,1,TP-LINK_580663,12
42:49:0f:06:46:77,-85,1,DIRECT-77-HP M427 LaserJet,12
00:0f:e2:98:15:10,-90,1,ChinaNet,12
4a:cf:5e:50:5f:67,-88,1,ACynthia_GY,12
60:0b:03:09:08:31,-82,1,HUST_WIRELESS_AUTO,12
06:69:6c:0a:be:fa,-86,1,HUST_WIRELESS,12
94:53:30:11:ac:12,-73,1,HP-Print-12-LaserJet Pro MFP,12
60:0b:03:09:08:30,-82,1,HUST_WIRELESS,12
00:0f:e2:98:14:20,-94,1,ChinaNet,12
02:c2:c6:c4:41:d1,-89,1,DIRECT-sKHD-MIBOOKmsHD,12
06:69:6c:0a:bf:02,-53,1,HUST_WIRELESS,13
20:76:93:3a:ae:78,-65,1,HC5761,13
4a:69:6c:07:a1:e7,-74,1,HUST_WIRELESS_AUTO,13
2a:69:6c:05:c5:25,-66,1,HUST_WIRELESS_AUTO,13
24:05:0f:9b:e7:63,-77,1,zqxll2003,13
88:25:93:58:06:63,-84,1,TP-LINK_580663,13
00:0f:e2:db:26:20,-65,1,ChinaNet,13
4a:69:6c:07:a1:e5,-74,1,HUST_WIRELESS,13
2a:69:6c:05:c5:23,-67,1,HUST_WIRELESS,13
08:57:00:7b:63:16,-83,1,TL-WTR9500,13
42:49:0f:06:46:77,-89,1,DIRECT-77-HP M427 LaserJet,13
0e:69:6c:0a:bf:02,-50,1,HUST_WIRELESS_AUTO,13
f8:da:0c:73:0f:e7,-71,1,yang,13
0e:69:6c:0a:bf:06,-68,1,HUST_WIRELESS_AUTO,13
b0:d5:9d:8c:2d:b1,-90,1,360免费WiFi-B1,13
06:69:6c:0a:bf:06,-68,1,HUST_WIRELESS,13
7a:69:6c:07:96:78,-89,1,HUST_WIRELESS,13
06:69:6c:0a:be:fa,-83,1,HUST_WIRELESS,13
94:53:30:11:ac:12,-76,1,HP-Print-12-LaserJet Pro MFP,13
a8:57:4e:4d:5f:40,-84,1,511,13
0e:69:6c:0a:be:fa,-83,1,HUST_WIRELESS_AUTO,13
4a:cf:5e:50:5f:67,-93,1,ACynthia_GY,13
fc:d7:33:bc:81:0e,-91,1,1604,13
b0:d5:9d:92:64:90,-92,1,315,13
aa:69:6c:05:c4:5d,-93,1,HUST_WIRELESS_AUTO,13
4a:69:6c:07:96:55,-93,1,HUST_WIRELESS,13
02:c2:c6:c4:41:d1,-87,1,DIRECT-sKHD-MIBOOKmsHD,13
4c:e6:76:c9:fc:00,-87,1,HongboJiangOffice,13
da:69:6c:07:8e:90,-93,1,HUST_WIRELESS_AUTO,13
da:69:6c:07:8e:9e,-94,1,HUST_WIRELESS,13
7a:69:6c:07:96:7a,-88,1,HUST_WIRELESS_AUTO,13
6a:69:6c:05:c3:09,-90,1,HUST_WIRELESS_AUTO,13
6a:69:6c:05:c3:07,-90,1,HUST_WIRELESS,13
0e:69:6c:0b:21:d2,-87,1,HUST_WIRELESS_AUTO,13
00:87:46:20:fb:02,-91,1,360WiFi-FB02,13
06:69:6c:0a:bf:02,-64,1,HUST_WIRELESS,14
4a:69:6c:07:a1:e7,-65,1,HUST_WIRELESS_AUTO,14
2a:69:6c:05:c5:25,-70,1,HUST_WIRELESS_AUTO,14
00:0f:e2:db:26:20,-73,1,ChinaNet,14
4a:69:6c:07:a1:e5,-65,1,HUST_WIRELESS,14
2a:69:6c:05:c5:23,-71,1,HUST_WIRELESS,14
06:69:6c:0a:bf:06,-77,1,HUST_WIRELESS,14
08:57:00:7b:63:16,-70,1,TL-WTR9500,14
24:05:0f:9b:e7:63,-80,1,zqxll2003,14
20:76:93:3a:ae:78,-73,1,HC5761,14
0e:69:6c:0a:bf:06,-77,1,HUST_WIRELESS_AUTO,14
0e:69:6c:0a:bf:02,-63,1,HUST_WIRELESS_AUTO,14
4c:e6:76:c9:fc:00,-90,1,HongboJiangOffice,14
42:49:0f:06:46:77,-84,1,DIRECT-77-HP M427 LaserJet,14
f8:da:0c:73:0f:e7,-83,1,yang,14
4a:cf:5e:50:5f:67,-88,1,ACynthia_GY,14
6a:69:6c:05:c3:09,-86,1,HUST_WIRELESS_AUTO,14
6a:69:6c:05:c3:07,-85,1,HUST_WIRELESS,14
88:25:93:58:06:63,-82,1,TP-LINK_580663,14
b0:d5:9d:92:64:90,-89,1,315,14
06:69:6c:0a:bf:02,-52,1,HUST_WIRELESS,15
4a:69:6c:07:a1:e7,-67,1,HUST_WIRELESS_AUTO,15
2a:69:6c:05:c5:25,-69,1,HUST_WIRELESS_AUTO,15
00:0f:e2:db:26:20,-80,1,ChinaNet,15
4a:69:6c:07:a1:e5,-68,1,HUST_WIRELESS,15
2a:69:6c:05:c5:23,-70,1,HUST_WIRELESS,15
06:69:6c:0a:bf:06,-67,1,HUST_WIRELESS,15
08:57:00:7b:63:16,-68,1,TL-WTR9500,15
24:05:0f:9b:e7:63,-75,1,zqxll2003,15
20:76:93:3a:ae:78,-73,1,HC5761,15
88:25:93:58:06:63,-79,1,TP-LINK_580663,15
0e:69:6c:0a:bf:06,-67,1,HUST_WIRELESS_AUTO,15
42:49:0f:06:46:77,-85,1,DIRECT-77-HP M427 LaserJet,15
06:69:6c:0a:be:fa,-84,1,HUST_WIRELESS,15
6a:69:6c:05:c3:09,-83,1,HUST_WIRELESS_AUTO,15
6a:69:6c:05:c3:07,-83,1,HUST_WIRELESS,15
0e:69:6c:0a:bf:02,-52,1,HUST_WIRELESS_AUTO,15
b0:d5:9d:92:64:90,-89,1,315,15
f0:b4:29:3c:68:ef,-83,1,Seven,15
0e:69:6c:0a:be:fa,-83,1,HUST_WIRELESS_AUTO,15
4a:cf:5e:50:5f:67,-85,1,ACynthia_GY,15
da:69:6c:07:8e:90,-91,1,HUST_WIRELESS_AUTO,15
8c:21:0a:5d:83:84,-91,1,TP-LINK_5D8384,15
fc:d7:33:bc:81:0e,-92,1,1604,15
60:0b:03:0e:2b:b0,-83,1,HUST_WIRELESS,15
da:69:6c:07:8e:9e,-93,1,HUST_WIRELESS,15
00:0f:e2:98:15:10,-91,1,ChinaNet,15
5a:69:6c:07:87:e6,-93,1,HUST_WIRELESS,15
fa:69:6c:07:93:22,-90,1,HUST_WIRELESS_AUTO,15
0e:69:6c:0b:21:d2,-80,1,HUST_WIRELESS_AUTO,15
00:87:46:20:fb:02,-88,1,360WiFi-FB02,15
60:67:20:ac:b3:51,-89,1,SWIFI,15
06:69:6c:0b:21:d2,-80,1,HUST_WIRELESS,15
4c:e6:76:c9:fc:00,-84,1,HongboJiangOffice,15
60:0b:03:0e:29:b1,-84,1,HUST_WIRELESS_AUTO,15
60:0b:03:0e:29:b0,-84,1,HUST_WIRELESS,15
06:69:6c:0a:bf:02,-66,1,HUST_WIRELESS,16
4a:69:6c:07:a1:e7,-56,1,HUST_WIRELESS_AUTO,16
2a:69:6c:05:c5:25,-53,1,HUST_WIRELESS_AUTO,16
00:0f:e2:db:26:20,-81,1,ChinaNet,16
4a:69:6c:07:a1:e5,-56,1,HUST_WIRELESS,16
2a:69:6c:05:c5:23,-53,1,HUST_WIRELESS,16
06:69:6c:0a:bf:06,-76,1,HUST_WIRELESS,16
08:57:00:7b:63:16,-78,1,TL-WTR9500,16
24:05:0f:9b:e7:63,-73,1,zqxll2003,16
20:76:93:3a:ae:78,-77,1,HC5761,16
88:25:93:58:06:63,-75,1,TP-LINK_580663,16
0e:69:6c:0a:bf:06,-79,1,HUST_WIRELESS_AUTO,16
0e:69:6c:0a:bf:02,-66,1,HUST_WIRELESS_AUTO,16
42:49:0f:06:46:77,-81,1,DIRECT-77-HP M427 LaserJet,16
7a:69:6c:07:96:78,-91,1,HUST_WIRELESS,16
46:27:1e:27:cc:05,-93,1,360免费WiFi-N7,16
00:0f:e2:db:25:20,-93,1,ChinaNet,16
7a:69:6c:07:96:7a,-91,1,HUST_WIRELESS_AUTO,16
f8:da:0c:73:0f:e7,-79,1,yang,16
aa:69:6c:07:90:fd,-93,1,HUST_WIRELESS_AUTO,16
4a:69:6c:07:85:75,-93,1,HUST_WIRELESS,16
b0:d5:9d:92:64:90,-85,1,315,16
aa:69:6c:07:90:fb,-93,1,HUST_WIRELESS,16
6a:69:6c:05:c3:09,-86,1,HUST_WIRELESS_AUTO,16
6a:69:6c:05:c3:07,-87,1,HUST_WIRELESS,16
0e:69:6c:0b:21:d2,-83,1,HUST_WIRELESS_AUTO,16
60:0b:03:09:08:31,-85,1,HUST_WIRELESS_AUTO,16
b0:d5:9d:8c:2d:b1,-87,1,360免费WiFi-B1,16
06:69:6c:0b:21:d2,-83,1,HUST_WIRELESS,16
60:0b:03:09:08:30,-85,1,HUST_WIRELESS,16
00:0f:e2:98:15:10,-93,1,ChinaNet,16
06:69:6c:0a:bf:02,-52,1,HUST_WIRELESS,17
4a:69:6c:07:a1:e7,-66,1,HUST_WIRELESS_AUTO,17
2a:69:6c:05:c5:25,-72,1,HUST_WIRELESS_AUTO,17
00:0f:e2:db:26:20,-72,1,ChinaNet,17
4a:69:6c:07:a1:e5,-66,1,HUST_WIRELESS,17
2a:69:6c:05:c5:23,-74,1,HUST_WIRELESS,17
06:69:6c:0a:bf:06,-71,1,HUST_WIRELESS,17
08:57:00:7b:63:16,-76,1,TL-WTR9500,17
0e:69:6c:0a:bf:06,-71,1,HUST_WIRELESS_AUTO,17
0e:69:6c:0a:bf:02,-52,1,HUST_WIRELESS_AUTO,17
20:76:93:3a:ae:78,-79,1,HC5761,17
b0:d5:9d:92:64:90,-82,1,315,17
24:05:0f:9b:e7:63,-78,1,zqxll2003,17
4a:cf:5e:50:5f:67,-83,1,ACynthia_GY,17
7a:69:6c:07:96:7a,-85,1,HUST_WIRELESS_AUTO,17
7a:69:6c:07:96:78,-85,1,HUST_WIRELESS,17
42:49:0f:06:46:77,-77,1,DIRECT-77-HP M427 LaserJet,17
94:53:30:11:ac:12,-85,1,HP-Print-12-LaserJet Pro MFP,17
88:25:93:58:06:63,-82,1,TP-LINK_580663,17
f0:b4:29:3c:68:ef,-85,1,Seven,17
6a:69:6c:05:c3:09,-89,1,HUST_WIRELESS_AUTO,17
60:0b:03:0e:2b:b1,-84,1,HUST_WIRELESS_AUTO,17
fa:69:6c:07:93:22,-90,1,HUST_WIRELESS_AUTO,17
8c:21:0a:5d:83:84,-91,1,TP-LINK_5D8384,17
7c:d1:c3:76:79:fa,-91,1,ADESKTOP-ELSA6EU,17
aa:69:6c:07:90:fd,-91,1,HUST_WIRELESS_AUTO,17
8a:69:6c:07:91:6b,-94,1,HUST_WIRELESS_AUTO,17
6a:69:6c:05:c3:07,-89,1,HUST_WIRELESS,17
fa:69:6c:07:93:20,-89,1,HUST_WIRELESS,17
aa:69:6c:07:90:fb,-91,1,HUST_WIRELESS,17
aa:69:6c:05:c4:5b,-93,1,HUST_WIRELESS,17
00:0f:e2:98:15:10,-94,1,ChinaNet,17
f8:da:0c:73:0f:e7,-73,1,yang,17
0e:69:6c:0b:21:d2,-78,1,HUST_WIRELESS_AUTO,17
06:69:6c:0b:21:d2,-77,1,HUST_WIRELESS,17
06:69:6c:0a:bf:02,-53,1,HUST_WIRELESS,18
4a:69:6c:07:a1:e7,-60,1,HUST_WIRELESS_AUTO,18
2a:69:6c:05:c5:25,-67,1,HUST_WIRELESS_AUTO,18
00:0f:e2:db:26:20,-67,1,ChinaNet,18
4a:69:6c:07:a1:e5,-61,1,HUST_WIRELESS,18
2a:69:6c:05:c5:23,-67,1,HUST_WIRELESS,18
06:69:6c:0a:bf:06,-69,1,HUST_WIRELESS,18
08:57:00:7b:63:16,-79,1,TL-WTR9500,18
0e:69:6c:0a:bf:06,-70,1,HUST_WIRELESS_AUTO,18
20:76:93:3a:ae:78,-79,1,HC5761,18
4a:cf:5e:50:5f:67,-78,1,ACynthia_GY,18
42:49:0f:06:46:77,-73,1,DIRECT-77-HP M427 LaserJet,18
88:25:93:58:06:63,-79,1,TP-LINK_580663,18
4c:e6:76:c9:fc:00,-80,1,HongboJiangOffice,18
00:87:46:20:fb:02,-90,1,360WiFi-FB02,18
24:05:0f:9b:e7:63,-84,1,zqxll2003,18
0e:69:6c:0a:bf:02,-53,1,HUST_WIRELESS_AUTO,18
aa:69:6c:07:90:fd,-85,1,HUST_WIRELESS_AUTO,18
6a:69:6c:05:c3:07,-91,1,HUST_WIRELESS,18
7c:d1:c3:76:79:fa,-84,1,ADESKTOP-ELSA6EU,18
6a:69:6c:05:c3:09,-91,1,HUST_WIRELESS_AUTO,18
7a:69:6c:07:96:78,-86,1,HUST_WIRELESS,18
00:0f:e2:db:25:20,-91,1,ChinaNet,18
fc:d7:33:bc:81:0e,-92,1,1604,18
4a:69:6c:07:85:77,-90,1,HUST_WIRELESS_AUTO,18
4a:69:6c:07:85:75,-91,1,HUST_WIRELESS,18
00:0f:e2:98:14:20,-91,1,ChinaNet,18
04:f0:1c:39:be:00,-93,1,EZAGOO_ZHGJ,18
60:0b:03:09:08:31,-82,1,HUST_WIRELESS_AUTO,18
60:0b:03:09:08:30,-82,1,HUST_WIRELESS,18
0e:69:6c:0b:21:d2,-83,1,HUST_WIRELESS_AUTO,18
7a:69:6c:07:96:7a,-86,1,HUST_WIRELESS_AUTO,18
06:69:6c:0b:21:d2,-83,1,HUST_WIRELESS,18
00:0f:e2:98:15:10,-91,1,ChinaNet,18
0e:69:6c:0a:be:fa,-82,1,HUST_WIRELESS_AUTO,18
60:67:20:ac:b3:51,-86,1,SWIFI,18
06:69:6c:0a:bf:02,-56,1,HUST_WIRELESS,19
4a:69:6c:07:a1:e7,-55,1,HUST_WIRELESS_AUTO,19
2a:69:6c:05:c5:25,-71,1,HUST_WIRELESS_AUTO,19
4a:69:6c:07:a1:e5,-55,1,HUST_WIRELESS,19
2a:69:6c:05:c5:23,-71,1,HUST_WIRELESS,19
20:76:93:3a:ae:78,-82,1,HC5761,19
42:49:0f:06:46:77,-84,1,DIRECT-77-HP M427 LaserJet,19
24:05:0f:9b:e7:63,-86,1,zqxll2003,19
08:57:00:7b:63:16,-71,1,TL-WTR9500,19
7a:69:6c:07:96:78,-91,1,HUST_WIRELESS,19
0e:69:6c:0a:bf:02,-56,1,HUST_WIRELESS_AUTO,19
b0:d5:9d:92:64:90,-79,1,315,19
06:69:6c:0a:bf:06,-74,1,HUST_WIRELESS,19
00:0f:e2:db:26:20,-83,1,ChinaNet,19
4c:e6:76:c9:fc:00,-82,1,HongboJiangOffice,19
f8:da:0c:73:0f:e7,-83,1,yang,19
0e:69:6c:0a:be:fa,-87,1,HUST_WIRELESS_AUTO,19
7a:69:6c:07:96:7a,-91,1,HUST_WIRELESS_AUTO,19
06:69:6c:0a:be:fa,-87,1,HUST_WIRELESS,19
00:0f:e2:db:25:20,-93,1,ChinaNet,19
6a:69:6c:05:c3:09,-83,1,HUST_WIRELESS_AUTO,19
aa:69:6c:07:90:fd,-89,1,HUST_WIRELESS_AUTO,19
7c:d1:c3:76:79:fa,-93,1,ADESKTOP-ELSA6EU,19
6a:69:6c:05:c3:07,-84,1,HUST_WIRELESS,19
aa:69:6c:07:90:fb,-90,1,HUST_WIRELESS,19
0e:69:6c:0a:bf:06,-74,1,HUST_WIRELESS_AUTO,19
b0:d5:9d:8c:2d:b1,-93,1,360免费WiFi-B1,19
60:0b:03:0e:2b:b0,-85,1,HUST_WIRELESS,19
06:69:6c:0a:bf:02,-50,1,HUST_WIRELESS,20
4a:69:6c:07:a1:e7,-51,1,HUST_WIRELESS_AUTO,20
2a:69:6c:05:c5:25,-63,1,HUST_WIRELESS_AUTO,20
4a:69:6c:07:a1:e5,-51,1,HUST_WIRELESS,20
2a:69:6c:05:c5:23,-61,1,HUST_WIRELESS,20
06:69:6c:0a:bf:06,-72,1,HUST_WIRELESS,20
0e:69:6c:0a:bf:06,-72,1,HUST_WIRELESS_AUTO,20
20:76:93:3a:ae:78,-72,1,HC5761,20
08:57:00:7b:63:16,-76,1,TL-WTR9500,20
0e:69:6c:0a:bf:02,-50,1,HUST_WIRELESS_AUTO,20
42:49:0f:06:46:77,-71,1,DIRECT-77-HP M427 LaserJet,20
00:0f:e2:db:26:20,-72,1,ChinaNet,20
24:05:0f:9b:e7:63,-78,1,zqxll2003,20
b0:d5:9d:92:64:90,-89,1,315,20
7c:d1:c3:76:79:fa,-90,1,ADESKTOP-ELSA6EU,20
06:69:6c:0a:be:fa,-82,1,HUST_WIRELESS,20
0e:69:6c:0a:be:fa,-86,1,HUST_WIRELESS_AUTO,20
b0:d5:9d:8c:2d:b1,-89,1,360免费WiFi-B1,20
f8:da:0c:73:0f:e7,-82,1,yang,20
6a:69:6c:05:c3:09,-87,1,HUST_WIRELESS_AUTO,20
94:53:30:11:ac:12,-86,1,HP-Print-12-LaserJet Pro MFP,20
7a:69:6c:07:96:7a,-90,1,HUST_WIRELESS_AUTO,20
06:69:6c:0b:21:d2,-84,1,HUST_WIRELESS,20
6a:69:6c:05:c3:07,-86,1,HUST_WIRELESS,20
88:25:93:58:06:63,-86,1,TP-LINK_580663,20
00:0f:e2:98:15:10,-94,1,ChinaNet,20
06:69:6c:0a:bf:02,-55,1,HUST_WIRELESS,21
4a:69:6c:07:a1:e7,-55,1,HUST_WIRELESS_AUTO,21
2a:69:6c:05:c5:25,-63,1,HUST_WIRELESS_AUTO,21
00:0f:e2:db:26:20,-76,1,ChinaNet,21
4a:69:6c:07:a1:e5,-55,1,HUST_WIRELESS,21
2a:69:6c:05:c5:23,-63,1,HUST_WIRELESS,21
06:69:6c:0a:bf:06,-75,1,HUST_WIRELESS,21
0e:69:6c:0a:bf:06,-74,1,HUST_WIRELESS_AUTO,21
20:76:93:3a:ae:78,-73,1,HC5761,21
88:25:93:58:06:63,-79,1,TP-LINK_580663,21
4c:e6:76:c9:fc:00,-85,1,HongboJiangOffice,21
b0:d5:9d:92:64:90,-90,1,315,21
08:57:00:7b:63:16,-69,1,TL-WTR9500,21
b0:d5:9d:8c:2d:b1,-88,1,360免费WiFi-B1,21
7c:d1:c3:76:79:fa,-93,1,ADESKTOP-ELSA6EU,21
4a:69:6c:07:96:57,-92,1,HUST_WIRELESS_AUTO,21
2c:30:33:d6:59:58,-91,1,hustac517,21
4a:69:6c:07:96:55,-91,1,HUST_WIRELESS,21
0e:69:6c:0a:bf:02,-55,1,HUST_WIRELESS_AUTO,21
aa:69:6c:07:90:fd,-91,1,HUST_WIRELESS_AUTO,21
06:69:6c:0a:bf:be,-90,1,HUST_WIRELESS,21
42:49:0f:06:46:77,-76,1,DIRECT-77-HP M427 LaserJet,21
0e:69:6c:0a:be:fa,-79,1,HUST_WIRELESS_AUTO,21
60:0b:03:0e:2b:b1,-82,1,HUST_WIRELESS_AUTO,21
60:0b:03:09:08:31,-82,1,HUST_WIRELESS_AUTO,21
6a:69:6c:05:c3:09,-83,1,HUST_WIRELESS_AUTO,21
7a:69:6c:07:96:7a,-89,1,HUST_WIRELESS_AUTO,21
a8:57:4e:4d:5f:40,-89,1,511,21
6a:69:6c:05:c3:07,-83,1,HUST_WIRELESS,21
60:0b:03:09:08:30,-83,1,HUST_WIRELESS,21
fa:69:6c:07:93:20,-91,1,HUST_WIRELESS,21
7a:69:6c:07:96:78,-91,1,HUST_WIRELESS,21
00:0f:e2:98:15:10,-92,1,ChinaNet,21
06:69:6c:0a:bf:02,-58,1,HUST_WIRELESS,22
4a:69:6c:07:a1:e7,-58,1,HUST_WIRELESS_AUTO,22
2a:69:6c:05:c5:25,-69,1,HUST_WIRELESS_AUTO,22
4a:69:6c:07:a1:e5,-58,1,HUST_WIRELESS,22
2a:69:6c:05:c5:23,-69,1,HUST_WIRELESS,22
20:76:93:3a:ae:78,-78,1,HC5761,22
42:49:0f:06:46:77,-76,1,DIRECT-77-HP M427 LaserJet,22
08:57:00:7b:63:16,-81,1,TL-WTR9500,22
b0:d5:9d:92:64:90,-78,1,315,22
00:0f:e2:db:26:20,-78,1,ChinaNet,22
88:25:93:58:06:63,-82,1,TP-LINK_580663,22
6a:69:6c:05:c3:07,-83,1,HUST_WIRELESS,22
94:53:30:11:ac:12,-83,1,HP-Print-12-LaserJet Pro MFP,22
8c:21:0a:5d:83:84,-91,1,TP-LINK_5D8384,22
7c:d1:c3:76:79:fa,-91,1,ADESKTOP-ELSA6EU,22
fa:69:6c:07:93:22,-95,1,HUST_WIRELESS_AUTO,22
06:69:6c:0b:1f:1e,-90,1,HUST_WIRELESS,22
b0:d5:9d:8c:2d:b1,-89,1,360免费WiFi-B1,22
0e:69:6c:0a:bf:02,-58,1,HUST_WIRELESS_AUTO,22
0e:69:6c:0a:bf:06,-77,1,HUST_WIRELESS_AUTO,22
6a:69:6c:05:c3:09,-83,1,HUST_WIRELESS_AUTO,22
f8:da:0c:73:0f:e7,-83,1,yang,22
06:69:6c:0a:bf:06,-76,1,HUST_WIRELESS,22
74:25:8a:44:f1:f0,-89,1,HUST_WIRELESS,22
24:05:0f:9b:e7:63,-83,1,zqxll2003,22
7a:69:6c:07:96:7a,-91,1,HUST_WIRELESS_AUTO,22
7a:69:6c:07:96:78,-91,1,HUST_WIRELESS,22
00:0f:e2:db:25:20,-93,1,ChinaNet,22
06:69:6c:0a:bf:02,-53,1,HUST_WIRELESS,23
4a:69:6c:07:a1:e7,-58,1,HUST_WIRELESS_AUTO,23
2a:69:6c:05:c5:25,-60,1,HUST_WIRELESS_AUTO,23
4a:69:6c:07:a1:e5,-58,1,HUST_WIRELESS,23
2a:69:6c:05:c5:23,-61,1,HUST_WIRELESS,23
20:76:93:3a:ae:78,-77,1,HC5761,23
42:49:0f:06:46:77,-77,1,DIRECT-77-HP M427 LaserJet,23
08:57:00:7b:63:16,-72,1,TL-WTR9500,23
b0:d5:9d:92:64:90,-86,1,315,23
00:0f:e2:db:26:20,-75,1,ChinaNet,23
0e:69:6c:0a:bf:02,-53,1,HUST_WIRELESS_AUTO,23
0e:69:6c:0a:bf:06,-69,1,HUST_WIRELESS_AUTO,23
0e:69:6c:0a:be:fa,-82,1,HUST_WIRELESS_AUTO,23
24:05:0f:9b:e7:63,-79,1,zqxll2003,23
06:69:6c:0a:be:fa,-82,1,HUST_WIRELESS,23
88:25:93:58:06:63,-85,1,TP-LINK_580663,23
4c:e6:76:c9:fc:00,-80,1,HongboJiangOffice,23
6a:69:6c:05:c3:07,-82,1,HUST_WIRELESS,23
6a:69:6c:05:c3:09,-75,1,HUST_WIRELESS_AUTO,23
06:69:6c:0b:21:d2,-83,1,HUST_WIRELESS,23
06:69:6c:0a:bf:06,-67,1,HUST_WIRELESS,23
00:0f:e2:98:15:10,-91,1,ChinaNet,23
f8:da:0c:73:0f:e7,-73,1,yang,23
0e:69:6c:0b:21:d2,-83,1,HUST_WIRELESS_AUTO,23
4a:69:6c:07:96:57,-91,1,HUST_WIRELESS_AUTO,23
46:27:1e:27:cc:05,-91,1,360免费WiFi-N7,23
00:0f:e2:db:25:20,-90,1,ChinaNet,23
4a:69:6c:07:96:55,-93,1,HUST_WIRELESS,23
06:69:6c:0a:bf:02,-64,1,HUST_WIRELESS,24
4a:69:6c:07:a1:e7,-49,1,HUST_WIRELESS_AUTO,24
2a:69:6c:05:c5:25,-72,1,HUST_WIRELESS_AUTO,24
4a:69:6c:07:a1:e5,-49,1,HUST_WIRELESS,24
2a:69:6c:05:c5:23,-73,1,HUST_WIRELESS,24
20:76:93:3a:ae:78,-71,1,HC5761,24
42:49:0f:06:46:77,-75,1,DIRECT-77-HP M427 LaserJet,24
08:57:00:7b:63:16,-81,1,TL-WTR9500,24
00:0f:e2:db:26:20,-69,1,ChinaNet,24
0e:69:6c:0a:bf:02,-64,1,HUST_WIRELESS_AUTO,24
0e:69:6c:0a:bf:06,-78,1,HUST_WIRELESS_AUTO,24
24:05:0f:9b:e7:63,-80,1,zqxll2003,24
88:25:93:58:06:63,-78,1,TP-LINK_580663,24
6a:69:6c:05:c3:09,-82,1,HUST_WIRELESS_AUTO,24
06:69:6c:0a:bf:06,-78,1,HUST_WIRELESS,24
7a:69:6c:07:96:78,-86,1,HUST_WIRELESS,24
7a:69:6c:07:96:7a,-86,1,HUST_WIRELESS_AUTO,24
6a:69:6c:05:c3:07,-85,1,HUST_WIRELESS,24
60:0b:03:0e:2b:b1,-88,1,HUST_WIRELESS_AUTO,24
00:87:46:20:fb:02,-86,1,360WiFi-FB02,24
4c:e6:76:c9:fc:00,-77,1,HongboJiangOffice,24
da:69:6c:07:8e:90,-94,1,HUST_WIRELESS_AUTO,24
ea:69:6c:07:90:11,-93,1,HUST_WIRELESS_AUTO,24
fa:69:6c:07:93:22,-93,1,HUST_WIRELESS_AUTO,24
ea:69:6c:07:90:1f,-93,1,HUST_WIRELESS,24
0e:69:6c:0b:21:d2,-79,1,HUST_WIRELESS_AUTO,24
74:25:8a:44:f1:f1,-88,1,HUST_WIRELESS_AUTO,24
70:3d:15:3a:86:b2,-88,1,eduroam,24
2a:69:6c:07:a0:75,-91,1,HUST_WIRELESS_AUTO,24
06:69:6c:0b:21:d2,-79,1,HUST_WIRELESS,24
74:25:8a:44:f1:f0,-88,1,HUST_WIRELESS,24
06:69:6c:0b:22:8a,-90,1,HUST_WIRELESS,24
2a:69:6c:07:a0:73,-91,1,HUST_WIRELESS,24
7c:d1:c3:76:79:fa,-90,1,ADESKTOP-ELSA6EU,24
0e:69:6c:0b:1f:1e,-89,1,HUST_WIRELESS_AUTO,24
06:69:6c:0a:bf:02,-57,1,HUST_WIRELESS,25
4a:69:6c:07:a1:e7,-50,1,HUST_WIRELESS_AUTO,25
2a:69:6c:05:c5:25,-66,1,HUST_WIRELESS_AUTO,25
4a:69:6c:07:a1:e5,-50,1,HUST_WIRELESS,25
2a:69:6c:05:c5:23,-67,1,HUST_WIRELESS,25
20:76:93:3a:ae:78,-73,1,HC5761,25
42:49:0f:06:46:77,-71,1,DIRECT-77-HP M427 LaserJet,25
08:57:00:7b:63:16,-71,1,TL-WTR9500,25
00:0f:e2:db:26:20,-86,1,ChinaNet,25
4c:e6:76:c9:fc:00,-74,1,HongboJiangOffice,25
b0:d5:9d:92:64:90,-77,1,315,25
0e:69:6c:0a:bf:02,-57,1,HUST_WIRELESS_AUTO,25
24:05:0f:9b:e7:63,-91,1,zqxll2003,25
7a:69:6c:07:96:78,-92,1,HUST_WIRELESS,25
06:69:6c:0b:21:d2,-87,1,HUST_WIRELESS,25
0e:69:6c:0b:21:d2,-86,1,HUST_WIRELESS_AUTO,25
6a:69:6c:05:c3:09,-84,1,HUST_WIRELESS_AUTO,25
a8:57:4e:4d:5f:40,-91,1,511,25
0e:69:6c:0b:1f:1e,-84,1,HUST_WIRELESS_AUTO,25
06:69:6c:0b:1f:1e,-84,1,HUST_WIRELESS,25
00:0f:e2:98:15:10,-93,1,ChinaNet,25
7c:d1:c3:76:79:fa,-88,1,ADESKTOP-ELSA6EU,25
d8:eb:97:23:da:5b,-90,1,dri,25
6a:69:6c:05:c3:07,-86,1,HUST_WIRELESS,25
60:67:20:ac:b3:51,-89,1,SWIFI,25
74:25:8a:44:f1:f1,-91,1,HUST_WIRELESS_AUTO,25
7a:69:6c:07:96:7a,-91,1,HUST_WIRELESS_AUTO,25
aa:69:6c:07:90:fd,-93,1,HUST_WIRELESS_AUTO,25
aa:69:6c:07:90:fb,-93,1,HUST_WIRELESS,25
d4:ee:07:50:f1:3c,-93,1,HiWiFi_50F13C,25
0e:69:6c:0a:bf:06,-73,1,HUST_WIRELESS_AUTO,25
f0:b4:29:3c:68:ef,-82,1,Seven,25
06:69:6c:0a:bf:06,-73,1,HUST_WIRELESS,25
0e:69:6c:0a:be:fa,-83,1,HUST_WIRELESS_AUTO,25
88:25:93:58:06:63,-85,1,TP-LINK_580663,25
70:3d:15:3a:86:b2,-88,1,eduroam,25
06:69:6c:0a:bf:02,-66,1,HUST_WIRELESS,26
4a:69:6c:07:a1:e7,-52,1,HUST_WIRELESS_AUTO,26
2a:69:6c:05:c5:25,-59,1,HUST_WIRELESS_AUTO,26
4a:69:6c:07:a1:e5,-52,1,HUST_WIRELESS,26
2a:69:6c:05:c5:23,-59,1,HUST_WIRELESS,26
20:76:93:3a:ae:78,-78,1,HC5761,26
42:49:0f:06:46:77,-73,1,DIRECT-77-HP M427 LaserJet,26
08:57:00:7b:63:16,-82,1,TL-WTR9500,26
00:0f:e2:db:26:20,-72,1,ChinaNet,26
0e:69:6c:0a:bf:02,-65,1,HUST_WIRELESS_AUTO,26
24:05:0f:9b:e7:63,-80,1,zqxll2003,26
88:25:93:58:06:63,-82,1,TP-LINK_580663,26
4c:e6:76:c9:fc:00,-76,1,HongboJiangOffice,26
b0:d5:9d:92:64:90,-84,1,315,26
00:0f:e2:db:25:20,-89,1,ChinaNet,26
0e:69:6c:0a:bf:06,-79,1,HUST_WIRELESS_AUTO,26
0e:69:6c:0a:be:fa,-83,1,HUST_WIRELESS_AUTO,26
06:69:6c:0a:be:fa,-84,1,HUST_WIRELESS,26
6a:69:6c:05:c3:09,-79,1,HUST_WIRELESS_AUTO,26
6a:69:6c:05:c3:07,-80,1,HUST_WIRELESS,26
fa:69:6c:07:96:e2,-88,1,HUST_WIRELESS_AUTO,26
7c:d1:c3:76:79:fa,-89,1,ADESKTOP-ELSA6EU,26
aa:69:6c:07:90:fb,-95,1,HUST_WIRELESS,26
f8:da:0c:73:0f:e7,-80,1,yang,26
0e:69:6c:0b:1f:1e,-86,1,HUST_WIRELESS_AUTO,26
0e:69:6c:0b:22:8a,-88,1,HUST_WIRELESS_AUTO,26
4a:00:e3:24:ce:f4,-93,1,RTOS-PC,26
3a:69:6c:07:99:86,-93,1,HUST_WIRELESS_AUTO,26
06:69:6c:0b:1f:1e,-86,1,HUST_WIRELESS,26
ea:69:6c:07:90:1f,-95,1,HUST_WIRELESS,26
3a:69:6c:07:99:84,-95,1,HUST_WIRELESS,26
aa:69:6c:07:90:fd,-92,1,HUST_WIRELESS_AUTO,26
00:0f:e2:98:15:10,-91,1,ChinaNet,26
da:69:6c:07:8e:90,-93,1,HUST_WIRELESS_AUTO,26
06:69:6c:0b:1f:1e,-63,2,HUST_WIRELESS,27
14:75:90:a5:bd:60,-73,2,hustac517,27
4a:69:6c:07:a1:e7,-54,2,HUST_WIRELESS_AUTO,27
4c:e6:76:c9:fc:00,-62,2,HongboJiangOffice,27
7c:d1:c3:76:79:fa,-78,2,ADESKTOP-ELSA6EU,27
d8:eb:97:23:da:5b,-76,2,dri,27
4a:69:6c:07:a1:e5,-55,2,HUST_WIRELESS,27
60:67:20:ac:b3:51,-65,2,SWIFI,27
64:d9:54:66:c5:65,-73,2,Baidu7107,27
b0:d5:9d:92:64:90,-82,2,315,27
0e:69:6c:0a:bf:be,-67,2,HUST_WIRELESS_AUTO,27
06:69:6c:0a:bf:be,-67,2,HUST_WIRELESS,27
00:0f:e2:db:25:20,-74,2,ChinaNet,27
70:77:81:86:b3:d6,-85,2,HP-Print-d6-LaserJet Pro M202dw,27
6a:69:6c:05:c3:09,-80,2,HUST_WIRELESS_AUTO,27
6a:69:6c:05:c3:07,-82,2,HUST_WIRELESS,27
ba:69:6c:07:a0:de,-90,2,HUST_WIRELESS_AUTO,27
48:3c:0c:eb:e4:6c,-90,2,lion,27
fa:69:6c:07:96:e2,-93,2,HUST_WIRELESS_AUTO,27
ba:69:6c:07:a0:dc,-91,2,HUST_WIRELESS,27
88:25:93:58:06:63,-84,2,TP-LINK_580663,27
2a:69:6c:05:c5:25,-71,2,HUST_WIRELESS_AUTO,27
7a:69:6c:07:96:7a,-93,2,HUST_WIRELESS_AUTO,27
60:0b:03:0e:29:b0,-82,2,HUST_WIRELESS,27
06:69:6c:0a:bf:02,-88,2,HUST_WIRELESS,27
7a:69:6c:07:96:78,-93,2,HUST_WIRELESS,27
e8:4e:06:2d:cc:54,-71,2,长按电源键即可连入,27
2a:69:6c:07:9e:43,-90,2,HUST_WIRELESS,27
fa:69:6c:07:96:e0,-93,2,HUST_WIRELESS,27
0e:69:6c:0b:1f:1e,-64,2,HUST_WIRELESS_AUTO,27
60:0b:03:0e:29:b1,-83,2,HUST_WIRELESS_AUTO,27
60:0b:03:09:08:31,-84,2,HUST_WIRELESS_AUTO,27
02:87:33:09:3d:2c,-87,2,Breeze,27
20:dc:e6:8a:d1:a2,-89,2,WQ-20170217BIDU_Network,27
2a:69:6c:05:c5:23,-76,2,HUST_WIRELESS,27
d4:ee:07:50:f1:3c,-78,2,HiWiFi_50F13C,27
06:69:6c:0b:1f:1e,-56,2,HUST_WIRELESS,28
14:75:90:a5:bd:60,-69,2,hustac517,28
4a:69:6c:07:a1:e7,-47,2,HUST_WIRELESS_AUTO,28
4c:e6:76:c9:fc:00,-67,2,HongboJiangOffice,28
7c:d1:c3:76:79:fa,-76,2,ADESKTOP-ELSA6EU,28
d8:eb:97:23:da:5b,-80,2,dri,28
4a:69:6c:07:a1:e5,-48,2,HUST_WIRELESS,28
06:69:6c:0a:bf:be,-69,2,HUST_WIRELESS,28
0e:69:6c:0a:bf:be,-71,2,HUST_WIRELESS_AUTO,28
60:67:20:ac:b3:51,-75,2,SWIFI,28
00:0f:e2:db:25:20,-77,2,ChinaNet,28
6a:69:6c:05:c3:09,-80,2,HUST_WIRELESS_AUTO,28
d4:ee:07:50:f1:3c,-83,2,HiWiFi_50F13C,28
20:16:d8:c3:00:a5,-90,2,hzx,28
e8:4e:06:2d:cc:54,-69,2,长按电源键即可连入,28
70:77:81:86:b3:d6,-81,2,HP-Print-d6-LaserJet Pro M202dw,28
64:d9:54:66:c5:65,-73,2,Baidu7107,28
6a:69:6c:05:c3:07,-82,2,HUST_WIRELESS,28
0e:69:6c:0b:1f:1e,-56,2,HUST_WIRELESS_AUTO,28
88:25:93:58:06:63,-79,2,TP-LINK_580663,28
0e:69:6c:0a:bf:02,-89,2,HUST_WIRELESS_AUTO,28
06:69:6c:0a:bf:02,-88,2,HUST_WIRELESS,28
b0:d5:9d:92:64:90,-87,2,315,28
2a:69:6c:07:9e:43,-90,2,HUST_WIRELESS,28
2a:69:6c:07:9e:45,-89,2,HUST_WIRELESS_AUTO,28
7a:69:6c:07:96:78,-93,2,HUST_WIRELESS,28
ea:69:6c:07:92:4f,-90,2,HUST_WIRELESS,28
fa:69:6c:07:96:e2,-89,2,HUST_WIRELESS_AUTO,28
4a:69:6c:07:85:75,-89,2,HUST_WIRELESS,28
fa:69:6c:07:96:e0,-89,2,HUST_WIRELESS,28
60:0b:03:09:08:31,-83,2,HUST_WIRELESS_AUTO,28
0e:69:6c:0a:bd:1a,-85,2,HUST_WIRELESS_AUTO,28
02:87:33:09:3d:2c,-90,2,Breeze,28
da:69:6c:07:8e:90,-93,2,HUST_WIRELESS_AUTO,28
60:0b:03:09:08:30,-84,2,HUST_WIRELESS,28
60:0b:03:0e:2b:b1,-86,2,HUST_WIRELESS_AUTO,28
06:69:6c:0b:1f:1e,-62,2,HUST_WIRELESS,29
14:75:90:a5:bd:60,-73,2,hustac517,29
4a:69:6c:07:a1:e7,-55,2,HUST_WIRELESS_AUTO,29
4c:e6:76:c9:fc:00,-73,2,HongboJiangOffice,29
2a:69:6c:05:c5:25,-74,2,HUST_WIRELESS_AUTO,29
7c:d1:c3:76:79:fa,-76,2,ADESKTOP-ELSA6EU,29
d8:eb:97:23:da:5b,-85,2,dri,29
4a:69:6c:07:a1:e5,-55,2,HUST_WIRELESS,29
0e:69:6c:0b:1f:1e,-62,2,HUST_WIRELESS_AUTO,29
06:69:6c:0a:bf:be,-62,2,HUST_WIRELESS,29
0e:69:6c:0a:bf:be,-62,2,HUST_WIRELESS_AUTO,29
60:67:20:ac:b3:51,-75,2,SWIFI,29
00:0f:e2:db:25:20,-77,2,ChinaNet,29
6a:69:6c:05:c3:09,-73,2,HUST_WIRELESS_AUTO,29
6a:69:6c:05:c3:07,-73,2,HUST_WIRELESS,29
74:25:8a:44:f1:f0,-89,2,HUST_WIRELESS,29
d4:ee:07:50:f1:3c,-80,2,HiWiFi_50F13C,29
7a:69:6c:07:96:78,-90,2,HUST_WIRELESS,29
20:16:d8:c3:00:a5,-85,2,hzx,29
fa:69:6c:07:96:e2,-86,2,HUST_WIRELESS_AUTO,29
08:57:00:93:00:26,-87,2,liuLieBaoWiFi,29
1a:69:6c:07:90:92,-90,2,HUST_WIRELESS,29
0e:69:6c:0a:bd:1a,-85,2,HUST_WIRELESS_AUTO,29
b0:d5:9d:2f:1f:05,-90,2,据说明天下雨,29
2a:69:6c:05:c5:23,-74,2,HUST_WIRELESS,29
06:69:6c:0a:bd:1a,-85,2,HUST_WIRELESS,29
fa:69:6c:07:96:e0,-86,2,HUST_WIRELESS,29
60:0b:03:0e:29:b1,-82,2,HUST_WIRELESS_AUTO,29
20:dc:e6:8a:d1:a2,-86,2,WQ-20170217BIDU_Network,29
00:87:36:31:8a:51,-85,2,取个啥名字好呢,29
7a:69:6c:07:96:7a,-88,2,HUST_WIRELESS_AUTO,29
5a:69:6c:07:87:e8,-89,2,HUST_WIRELESS_AUTO,29
60:0b:03:0e:29:b0,-82,2,HUST_WIRELESS,29
5a:69:6c:07:87:e6,-89,2,HUST_WIRELESS,29
e8:4e:06:2d:cc:54,-80,2,长按电源键即可连入,29
b0:d5:9d:95:91:2b,-86,2,360WiFi-WJ,29
06:69:6c:0b:1f:1e,-64,2,HUST_WIRELESS,30
14:75:90:a5:bd:60,-75,2,hustac517,30
4a:69:6c:07:a1:e7,-61,2,HUST_WIRELESS_AUTO,30
4c:e6:76:c9:fc:00,-69,2,HongboJiangOffice,30
7c:d1:c3:76:79:fa,-83,2,ADESKTOP-ELSA6EU,30
d8:eb:97:23:da:5b,-80,2,dri,30
4a:69:6c:07:a1:e5,-62,2,HUST_WIRELESS,30
60:67:20:ac:b3:51,-72,2,SWIFI,30
64:d9:54:66:c5:65,-73,2,Baidu7107,30
0e:69:6c:0a:bf:be,-71,2,HUST_WIRELESS_AUTO,30
06:69:6c:0a:bf:be,-70,2,HUST_WIRELESS,30
00:0f:e2:db:25:20,-80,2,ChinaNet,30
6a:69:6c:05:c3:09,-85,2,HUST_WIRELESS_AUTO,30
6a:69:6c:05:c3:07,-84,2,HUST_WIRELESS,30
d4:ee:07:50:f1:3c,-77,2,HiWiFi_50F13C,30
20:16:d8:c3:00:a5,-89,2,hzx,30
0e:69:6c:0b:1f:1e,-65,2,HUST_WIRELESS_AUTO,30
70:77:81:86:b3:d6,-87,2,HP-Print-d6-LaserJet Pro M202dw,30
88:25:93:58:06:63,-78,2,TP-LINK_580663,30
5a:69:6c:07:87:e8,-93,2,HUST_WIRELESS_AUTO,30
00:0f:e2:a1:97:c0,-83,2,ChinaNet,30
e8:4e:06:2d:cc:54,-74,2,长按电源键即可连入,30
60:0b:03:09:08:31,-83,2,HUST_WIRELESS_AUTO,30
aa:69:6c:07:90:fd,-92,2,HUST_WIRELESS_AUTO,30
60:0b:03:09:08:30,-84,2,HUST_WIRELESS,30
2a:69:6c:05:c5:23,-85,2,HUST_WIRELESS,30
ba:69:6c:07:a0:de,-89,2,HUST_WIRELESS_AUTO,30
3a:69:6c:07:83:f4,-91,2,HUST_WIRELESS,30
aa:69:6c:07:90:fb,-93,2,HUST_WIRELESS,30
7a:69:6c:07:a0:78,-93,2,HUST_WIRELESS,30
44:33:4c:20:96:d6,-90,2,DX-DVR96d6,30
ea:69:6c:07:92:41,-91,2,HUST_WIRELESS_AUTO,30
3a:69:6c:07:83:f6,-91,2,HUST_WIRELESS_AUTO,30
b0:d5:9d:92:64:90,-93,2,315,30
4a:69:6c:07:85:77,-93,2,HUST_WIRELESS_AUTO,30
06:69:6c:0b:1f:1e,-60,2,HUST_WIRELESS,31
14:75:90:a5:bd:60,-74,2,hustac517,31
4a:69:6c:07:a1:e7,-51,2,HUST_WIRELESS_AUTO,31
4c:e6:76:c9:fc:00,-73,2,HongboJiangOffice,31
7c:d1:c3:76:79:fa,-80,2,ADESKTOP-ELSA6EU,31
d8:eb:97:23:da:5b,-90,2,dri,31
4a:69:6c:07:a1:e5,-51,2,HUST_WIRELESS,31
d4:ee:07:50:f1:3c,-76,2,HiWiFi_50F13C,31
0e:69:6c:0b:1f:1e,-60,2,HUST_WIRELESS_AUTO,31
70:77:81:86:b3:d6,-79,2,HP-Print-d6-LaserJet Pro M202dw,31
20:16:d8:c3:00:a5,-89,2,hzx,31
06:69:6c:0a:bf:be,-71,2,HUST_WIRELESS,31
60:0b:03:09:08:31,-81,2,HUST_WIRELESS_AUTO,31
2a:69:6c:05:c5:25,-72,2,HUST_WIRELESS_AUTO,31
00:87:36:31:8a:51,-87,2,取个啥名字好呢,31
2a:69:6c:05:c5:23,-72,2,HUST_WIRELESS,31
60:67:20:ac:b3:51,-70,2,SWIFI,31
e8:4e:06:2d:cc:54,-79,2,长按电源键即可连入,31
64:d9:54:66:c5:65,-73,2,Baidu7107,31
6a:69:6c:05:c3:09,-80,2,HUST_WIRELESS_AUTO,31
60:0b:03:09:08:30,-81,2,HUST_WIRELESS,31
7a:69:6c:07:96:7a,-90,2,HUST_WIRELESS_AUTO,31
aa:69:6c:07:91:eb,-93,2,HUST_WIRELESS,31
b0:d5:9d:4f:5f:4b,-91,2,360免费WiFi-4B,31
02:87:33:09:3d:2c,-85,2,Breeze,31
74:25:8a:44:f1:f1,-89,2,HUST_WIRELESS_AUTO,31
28:6c:07:c3:b0:c7,-91,2,xiao,31
00:0f:e2:db:25:20,-74,2,ChinaNet,31
00:0f:e2:a1:97:c0,-85,2,ChinaNet,31
aa:69:6c:07:90:fb,-89,2,HUST_WIRELESS,31
2a:69:6c:07:9e:43,-90,2,HUST_WIRELESS,31
3a:69:6c:07:83:f4,-91,2,HUST_WIRELESS,31
88:25:93:58:06:63,-79,2,TP-LINK_580663,31
20:dc:e6:8a:d1:a2,-86,2,WQ-20170217BIDU_Network,31
d4:ee:07:09:c7:8e,-90,2,DLINK-ISE,31
74:25:8a:44:f1:f0,-86,2,HUST_WIRELESS,31
06:69:6c:0b:1f:1e,-64,2,HUST_WIRELESS,32
14:75:90:a5:bd:60,-69,2,hustac517,32
4a:69:6c:07:a1:e7,-48,2,HUST_WIRELESS_AUTO,32
4c:e6:76:c9:fc:00,-68,2,HongboJiangOffice,32
7c:d1:c3:76:79:fa,-74,2,ADESKTOP-ELSA6EU,32
d8:eb:97:23:da:5b,-74,2,dri,32
4a:69:6c:07:a1:e5,-48,2,HUST_WIRELESS,32
70:77:81:86:b3:d6,-83,2,HP-Print-d6-LaserJet Pro M202dw,32
20:16:d8:c3:00:a5,-85,2,hzx,32
06:69:6c:0a:bf:be,-68,2,HUST_WIRELESS,32
0e:69:6c:0a:bf:be,-68,2,HUST_WIRELESS_AUTO,32
74:25:8a:44:f1:f1,-85,2,HUST_WIRELESS_AUTO,32
2a:69:6c:05:c5:23,-72,2,HUST_WIRELESS,32
5a:69:6c:07:87:e8,-87,2,HUST_WIRELESS_AUTO,32
2a:69:6c:05:c5:25,-72,2,HUST_WIRELESS_AUTO,32
64:d9:54:66:c5:65,-79,2,Baidu7107,32
4a:69:6c:07:85:77,-80,2,HUST_WIRELESS_AUTO,32
60:0b:03:09:08:31,-77,2,HUST_WIRELESS_AUTO,32
d4:ee:07:50:f1:3c,-74,2,HiWiFi_50F13C,32
74:25:8a:44:f1:f0,-85,2,HUST_WIRELESS,32
e8:4e:06:2d:cc:54,-83,2,长按电源键即可连入,32
60:0b:03:0e:29:b1,-83,2,HUST_WIRELESS_AUTO,32
2a:69:6c:07:9e:43,-88,2,HUST_WIRELESS,32
3a:69:6c:07:99:86,-91,2,HUST_WIRELESS_AUTO,32
fa:69:6c:07:93:22,-91,2,HUST_WIRELESS_AUTO,32
1a:69:6c:07:90:94,-89,2,HUST_WIRELESS_AUTO,32
60:0b:03:0e:29:b0,-83,2,HUST_WIRELESS,32
1a:69:6c:07:90:92,-90,2,HUST_WIRELESS,32
fa:69:6c:07:93:20,-91,2,HUST_WIRELESS,32
2a:69:6c:07:9e:45,-88,2,HUST_WIRELESS_AUTO,32
20:76:93:3a:ae:78,-90,2,HC5761,32
d4:ee:07:45:03:10,-91,2,HIWIFI-ISE,32
b0:d5:9d:92:64:90,-90,2,315,32
4a:69:6c:07:85:75,-76,2,HUST_WIRELESS,32
5a:69:6c:07:87:e6,-87,2,HUST_WIRELESS,32
06:69:6c:0a:bd:1a,-89,2,HUST_WIRELESS,32
06:69:6c:0b:1f:1e,-55,2,HUST_WIRELESS,33
14:75:90:a5:bd:60,-65,2,hustac517,33
4a:69:6c:07:a1:e7,-53,2,HUST_WIRELESS_AUTO,33
4c:e6:76:c9:fc:00,-67,2,HongboJiangOffice,33
7c:d1:c3:76:79:fa,-82,2,ADESKTOP-ELSA6EU,33
d8:eb:97:23:da:5b,-83,2,dri,33
4a:69:6c:07:a1:e5,-54,2,HUST_WIRELESS,33
20:16:d8:c3:00:a5,-85,2,hzx,33
0e:69:6c:0b:1f:1e,-55,2,HUST_WIRELESS_AUTO,33
0e:69:6c:0a:bf:be,-71,2,HUST_WIRELESS_AUTO,33
2a:69:6c:05:c5:23,-80,2,HUST_WIRELESS,33
70:77:81:86:b3:d6,-82,2,HP-Print-d6-LaserJet Pro M202dw,33
d4:ee:07:50:f1:3c,-75,2,HiWiFi_50F13C,33
00:0f:e2:db:25:20,-81,2,ChinaNet,33
60:0b:03:09:08:31,-82,2,HUST_WIRELESS_AUTO,33
64:d9:54:66:c5:65,-77,2,Baidu7107,33
00:0f:e2:a1:97:c0,-86,2,ChinaNet,33
60:0b:03:09:08:30,-83,2,HUST_WIRELESS,33
20:dc:e6:8a:d1:a2,-87,2,WQ-20170217BIDU_Network,33
12:08:b1:d4:37:6d,-86,2,Taylor Hye,33
06:69:6c:0a:bf:be,-71,2,HUST_WIRELESS,33
e8:4e:06:2d:cc:54,-77,2,长按电源键即可连入,33
88:25:93:58:06:63,-78,2,TP-LINK_580663,33
80:81:00:94:58:88,-91,2,wwws-office-2.4G,33
2a:69:6c:05:c5:25,-74,2,HUST_WIRELESS_AUTO,33
5a:69:6c:07:87:e8,-90,2,HUST_WIRELESS_AUTO,33
5a:69:6c:07:87:e6,-91,2,HUST_WIRELESS,33
6a:69:6c:05:c3:09,-82,2,HUST_WIRELESS_AUTO,33
02:87:33:09:3d:2c,-92,2,Breeze,33
60:0b:03:0e:2b:b0,-79,2,HUST_WIRELESS,33
2a:69:6c:07:9e:43,-89,2,HUST_WIRELESS,33
2a:69:6c:07:9e:45,-79,2,HUST_WIRELESS_AUTO,33
ea:69:6c:07:92:41,-86,2,HUST_WIRELESS_AUTO,33
4a:69:6c:07:85:75,-86,2,HUST_WIRELESS,33
60:0b:03:0e:2b:b1,-81,2,HUST_WIRELESS_AUTO,33
06:69:6c:0b:1f:1e,-58,2,HUST_WIRELESS,34
14:75:90:a5:bd:60,-80,2,hustac517,34
4a:69:6c:07:a1:e7,-52,2,HUST_WIRELESS_AUTO,34
4c:e6:76:c9:fc:00,-71,2,HongboJiangOffice,34
7c:d1:c3:76:79:fa,-78,2,ADESKTOP-ELSA6EU,34
d8:eb:97:23:da:5b,-83,2,dri,34
4a:69:6c:07:a1:e5,-53,2,HUST_WIRELESS,34
06:69:6c:0a:bf:be,-69,2,HUST_WIRELESS,34
e8:4e:06:2d:cc:54,-73,2,长按电源键即可连入,34
20:dc:e6:8a:d1:a2,-84,2,WQ-20170217BIDU_Network,34
20:16:d8:c3:00:a5,-85,2,hzx,34
60:67:20:ac:b3:51,-74,2,SWIFI,34
00:0f:e2:db:25:20,-78,2,ChinaNet,34
88:25:93:58:06:63,-85,2,TP-LINK_580663,34
fa:69:6c:07:96:e0,-93,2,HUST_WIRELESS,34
0e:69:6c:0b:1f:1e,-58,2,HUST_WIRELESS_AUTO,34
0e:69:6c:0a:bf:be,-68,2,HUST_WIRELESS_AUTO,34
00:0f:e2:a1:97:c0,-82,2,ChinaNet,34
5a:69:6c:07:87:e6,-91,2,HUST_WIRELESS,34
d4:ee:07:50:f1:3c,-72,2,HiWiFi_50F13C,34
08:57:00:93:00:26,-87,2,liuLieBaoWiFi,34
ea:69:6c:07:90:11,-93,2,HUST_WIRELESS_AUTO,34
aa:69:6c:07:90:fb,-90,2,HUST_WIRELESS,34
60:0b:03:09:08:30,-84,2,HUST_WIRELESS,34
74:25:8a:44:f1:f0,-87,2,HUST_WIRELESS,34
38:22:d6:8c:77:31,-85,2,HUST_WIRELESS_AUTO,34
d4:ee:07:09:c7:8e,-91,2,DLINK-ISE,34
fa:69:6c:07:96:e2,-89,2,HUST_WIRELESS_AUTO,34
6a:69:6c:05:c3:07,-79,2,HUST_WIRELESS,34
4a:69:6c:07:85:75,-81,2,HUST_WIRELESS,34
ea:69:6c:07:90:1f,-91,2,HUST_WIRELESS,34
6a:69:6c:05:c3:09,-78,2,HUST_WIRELESS_AUTO,34
0e:69:6c:0a:bf:7a,-88,2,HUST_WIRELESS_AUTO,34
74:25:8a:44:f1:f1,-89,2,HUST_WIRELESS_AUTO,34
00:0f:e2:db:26:20,-79,2,ChinaNet,34
2a:69:6c:05:c5:25,-82,2,HUST_WIRELESS_AUTO,34
06:69:6c:0b:1f:1e,-63,2,HUST_WIRELESS,35
14:75:90:a5:bd:60,-72,2,hustac517,35
4a:69:6c:07:a1:e7,-60,2,HUST_WIRELESS_AUTO,35
4c:e6:76:c9:fc:00,-69,2,HongboJiangOffice,35
d8:eb:97:23:da:5b,-92,2,dri,35
4a:69:6c:07:a1:e5,-60,2,HUST_WIRELESS,35
20:16:d8:c3:00:a5,-82,2,hzx,35
0e:69:6c:0b:1f:1e,-62,2,HUST_WIRELESS_AUTO,35
2a:69:6c:05:c5:23,-86,2,HUST_WIRELESS,35
d4:ee:07:50:f1:3c,-73,2,HiWiFi_50F13C,35
60:67:20:ac:b3:51,-75,2,SWIFI,35
e8:4e:06:2d:cc:54,-74,2,长按电源键即可连入,35
6a:69:6c:05:c3:09,-85,2,HUST_WIRELESS_AUTO,35
88:25:93:58:06:63,-88,2,TP-LINK_580663,35
7c:d1:c3:76:79:fa,-81,2,ADESKTOP-ELSA6EU,35
06:69:6c:0a:bf:be,-77,2,HUST_WIRELESS,35
70:77:81:86:b3:d6,-78,2,HP-Print-d6-LaserJet Pro M202dw,35
6a:69:6c:05:c3:07,-85,2,HUST_WIRELESS,35
60:0b:03:0e:2b:b1,-85,2,HUST_WIRELESS_AUTO,35
60:0b:03:09:08:31,-82,2,HUST_WIRELESS_AUTO,35
60:0b:03:09:08:30,-83,2,HUST_WIRELESS,35
64:d9:54:66:c5:65,-77,2,Baidu7107,35
ea:69:6c:07:92:41,-87,2,HUST_WIRELESS_AUTO,35
0e:69:6c:0a:bf:be,-76,2,HUST_WIRELESS_AUTO,35
74:25:8a:44:f1:f1,-89,2,HUST_WIRELESS_AUTO,35
02:87:33:09:3d:2c,-90,2,Breeze,35
ba:69:6c:07:a0:de,-90,2,HUST_WIRELESS_AUTO,35
fa:69:6c:07:96:e2,-93,2,HUST_WIRELESS_AUTO,35
00:0f:e2:a1:97:c0,-81,2,ChinaNet,35
2a:69:6c:07:9e:43,-85,2,HUST_WIRELESS,35
04:f0:1a:88:78:00,-90,2,EZAGOO_ZHGJ,35
fa:69:6c:07:96:e0,-91,2,HUST_WIRELESS,35
ba:69:6c:07:a0:dc,-91,2,HUST_WIRELESS,35
12:08:b1:d4:37:6d,-84,2,Taylor Hye,35
1a:69:6c:07:90:94,-92,2,HUST_WIRELESS_AUTO,35
08:57:00:93:00:26,-93,2,liuLieBaoWiFi,35
06:69:6c:0b:1f:1e,-58,2,HUST_WIRELESS,36
14:75:90:a5:bd:60,-68,2,hustac517,36
4a:69:6c:07:a1:e7,-62,2,HUST_WIRELESS_AUTO,36
4c:e6:76:c9:fc:00,-68,2,HongboJiangOffice,36
d8:eb:97:23:da:5b,-87,2,dri,36
4a:69:6c:07:a1:e5,-62,2,HUST_WIRELESS,36
20:16:d8:c3:00:a5,-84,2,hzx,36
2a:69:6c:05:c5:23,-83,2,HUST_WIRELESS,36
d4:ee:07:50:f1:3c,-76,2,HiWiFi_50F13C,36
60:67:20:ac:b3:51,-62,2,SWIFI,36
70:77:81:86:b3:d6,-78,2,HP-Print-d6-LaserJet Pro M202dw,36
00:87:36:31:8a:51,-78,2,取个啥名字好呢,36
6a:69:6c:05:c3:09,-82,2,HUST_WIRELESS_AUTO,36
6a:69:6c:05:c3:07,-81,2,HUST_WIRELESS,36
ba:69:6c:07:a0:dc,-91,2,HUST_WIRELESS,36
20:dc:e6:8a:d1:a2,-86,2,WQ-20170217BIDU_Network,36
0e:69:6c:0a:bf:be,-71,2,HUST_WIRELESS_AUTO,36
06:69:6c:0a:bf:be,-71,2,HUST_WIRELESS,36
60:0b:03:0e:2b:b0,-84,2,HUST_WIRELESS,36
e8:4e:06:2d:cc:54,-72,2,长按电源键即可连入,36
60:0b:03:09:08:31,-85,2,HUST_WIRELESS_AUTO,36
60:0b:03:0e:29:b1,-86,2,HUST_WIRELESS_AUTO,36
5a:69:6c:07:87:e8,-91,2,HUST_WIRELESS_AUTO,36
1a:69:6c:07:90:94,-93,2,HUST_WIRELESS_AUTO,36
5a:69:6c:07:87:e6,-93,2,HUST_WIRELESS,36
7c:d1:c3:76:79:fa,-86,2,ADESKTOP-ELSA6EU,36
74:25:8a:44:f1:f1,-90,2,HUST_WIRELESS_AUTO,36
00:0f:e2:db:25:20,-84,2,ChinaNet,36
74:25:8a:44:f1:f0,-89,2,HUST_WIRELESS,36
02:87:33:09:3d:2c,-85,2,Breeze,36
48:3c:0c:eb:e4:6c,-89,2,lion,36
ea:69:6c:07:92:41,-89,2,HUST_WIRELESS_AUTO,36
fa:69:6c:07:96:e2,-90,2,HUST_WIRELESS_AUTO,36
b0:d5:9d:92:64:90,-95,2,315,36
00:0f:e2:a1:97:c0,-79,2,ChinaNet,36
60:0b:03:09:08:30,-86,2,HUST_WIRELESS,36
06:69:6c:0b:1f:1e,-60,2,HUST_WIRELESS,37
14:75:90:a5:bd:60,-73,2,hustac517,37
4a:69:6c:07:a1:e7,-51,2,HUST_WIRELESS_AUTO,37
4c:e6:76:c9:fc:00,-71,2,HongboJiangOffice,37
d8:eb:97:23:da:5b,-83,2,dri,37
4a:69:6c:07:a1:e5,-50,2,HUST_WIRELESS,37
20:16:d8:c3:00:a5,-82,2,hzx,37
d4:ee:07:50:f1:3c,-80,2,HiWiFi_50F13C,37
60:67:20:ac:b3:51,-65,2,SWIFI,37
70:77:81:86:b3:d6,-80,2,HP-Print-d6-LaserJet Pro M202dw,37
00:87:36:31:8a:51,-83,2,取个啥名字好呢,37
0e:69:6c:0a:bf:be,-68,2,HUST_WIRELESS_AUTO,37
e8:4e:06:2d:cc:54,-80,2,长按电源键即可连入,37
00:0f:e2:db:25:20,-71,2,ChinaNet,37
7c:d1:c3:76:79:fa,-81,2,ADESKTOP-ELSA6EU,37
60:0b:03:09:08:31,-84,2,HUST_WIRELESS_AUTO,37
60:0b:03:09:08:30,-84,2,HUST_WIRELESS,37
5a:69:6c:07:87:e6,-91,2,HUST_WIRELESS,37
64:d9:54:66:c5:65,-82,2,Baidu7107,37
aa:69:6c:07:90:fd,-91,2,HUST_WIRELESS_AUTO,37
06:69:6c:0a:bf:be,-68,2,HUST_WIRELESS,37
aa:69:6c:07:90:fb,-91,2,HUST_WIRELESS,37
00:0f:e2:a1:97:c0,-78,2,ChinaNet,37
6a:69:6c:05:c3:09,-85,2,HUST_WIRELESS_AUTO,37
02:87:33:09:3d:2c,-87,2,Breeze,37
88:25:93:58:06:63,-87,2,TP-LINK_580663,37
6a:69:6c:05:c3:07,-85,2,HUST_WIRELESS,37
74:25:8a:44:f1:f0,-90,2,HUST_WIRELESS,37
00:0f:e2:a2:05:d0,-95,2,ChinaNet,37
b0:d5:9d:95:91:2b,-87,2,360WiFi-WJ,37
2a:69:6c:05:c5:25,-82,2,HUST_WIRELESS_AUTO,37
60:0b:03:0e:2b:b1,-84,2,HUST_WIRELESS_AUTO,37
60:0b:03:0e:2b:b0,-84,2,HUST_WIRELESS,37
fa:69:6c:07:96:e0,-91,2,HUST_WIRELESS,37
10:6f:3f:38:9b:89,-91,2,dd-wrt,37
4a:69:6c:07:85:75,-86,2,HUST_WIRELESS,37
00:0f:e2:db:26:20,-90,2,ChinaNet,37
06:69:6c:0b:1f:1e,-57,2,HUST_WIRELESS,38
0e:69:6c:0b:1f:1e,-57,2,HUST_WIRELESS_AUTO,38
14:75:90:a5:bd:60,-72,2,hustac517,38
4a:69:6c:07:a1:e7,-55,2,HUST_WIRELESS_AUTO,38
4c:e6:76:c9:fc:00,-55,2,HongboJiangOffice,38
0e:69:6c:0a:bf:be,-64,2,HUST_WIRELESS_AUTO,38
60:67:20:ac:b3:51,-71,2,SWIFI,38
e8:4e:06:2d:cc:54,-75,2,长按电源键即可连入,38
20:dc:e6:8a:d1:a2,-84,2,WQ-20170217BIDU_Network,38
2a:69:6c:05:c5:25,-83,2,HUST_WIRELESS_AUTO,38
7a:69:6c:07:96:7a,-89,2,HUST_WIRELESS_AUTO,38
b0:d5:9d:4f:5f:4b,-93,2,360免费WiFi-4B,38
7c:d1:c3:76:79:fa,-84,2,ADESKTOP-ELSA6EU,38
b0:d5:9d:95:91:2b,-92,2,360WiFi-WJ,38
d8:eb:97:23:da:5b,-81,2,dri,38
4a:69:6c:07:a1:e5,-55,2,HUST_WIRELESS,38
06:69:6c:0a:bf:be,-64,2,HUST_WIRELESS,38
6a:69:6c:05:c3:07,-76,2,HUST_WIRELESS,38
70:77:81:86:b3:d6,-85,2,HP-Print-d6-LaserJet Pro M202dw,38
d4:ee:07:50:f1:3c,-81,2,HiWiFi_50F13C,38
7a:69:6c:07:96:78,-89,2,HUST_WIRELESS,38
5a:69:6c:07:87:e6,-93,2,HUST_WIRELESS,38
88:25:93:58:06:63,-89,2,TP-LINK_580663,38
6a:69:6c:05:c3:09,-76,2,HUST_WIRELESS_AUTO,38
4a:69:6c:07:85:77,-85,2,HUST_WIRELESS_AUTO,38
60:0b:03:09:08:31,-86,2,HUST_WIRELESS_AUTO,38
12:08:b1:d4:37:6d,-87,2,Taylor Hye,38
fa:69:6c:07:96:e2,-88,2,HUST_WIRELESS_AUTO,38
48:8a:d2:30:9f:20,-91,2,LieBaoWiFi357,38
20:16:d8:c3:00:a5,-85,2,hzx,38
08:57:00:93:00:26,-92,2,liuLieBaoWiFi,38
00:0f:e2:db:25:20,-74,2,ChinaNet,38
2a:69:6c:05:c5:23,-84,2,HUST_WIRELESS,38
60:0b:03:09:08:30,-86,2,HUST_WIRELESS,38
00:87:36:31:8a:51,-82,2,取个啥名字好呢,38
06:69:6c:0b:1f:1e,-54,2,HUST_WIRELESS,39
0e:69:6c:0b:1f:1e,-54,2,HUST_WIRELESS_AUTO,39
14:75:90:a5:bd:60,-79,2,hustac517,39
4a:69:6c:07:a1:e7,-56,2,HUST_WIRELESS_AUTO,39
4c:e6:76:c9:fc:00,-66,2,HongboJiangOffice,39
0e:69:6c:0a:bf:be,-69,2,HUST_WIRELESS_AUTO,39
2a:69:6c:05:c5:25,-77,2,HUST_WIRELESS_AUTO,39
7c:d1:c3:76:79:fa,-80,2,ADESKTOP-ELSA6EU,39
d8:eb:97:23:da:5b,-89,2,dri,39
4a:69:6c:07:a1:e5,-57,2,HUST_WIRELESS,39
06:69:6c:0a:bf:be,-69,2,HUST_WIRELESS,39
70:77:81:86:b3:d6,-80,2,HP-Print-d6-LaserJet Pro M202dw,39
20:16:d8:c3:00:a5,-84,2,hzx,39
d4:ee:07:50:f1:3c,-76,2,HiWiFi_50F13C,39
42:49:0f:06:46:77,-81,2,DIRECT-77-HP M427 LaserJet,39
00:0f:e2:db:25:20,-75,2,ChinaNet,39
00:0f:e2:a1:97:c0,-84,2,ChinaNet,39
00:0f:e2:db:26:20,-83,2,ChinaNet,39
74:25:8a:44:f1:f0,-89,2,HUST_WIRELESS,39
2a:69:6c:07:9e:43,-89,2,HUST_WIRELESS,39
64:d9:54:66:c5:65,-74,2,Baidu7107,39
b0:d5:9d:95:91:2b,-93,2,360WiFi-WJ,39
60:0b:03:09:08:31,-85,2,HUST_WIRELESS_AUTO,39
00:87:36:31:8a:51,-85,2,取个啥名字好呢,39
74:25:8a:44:f1:f1,-86,2,HUST_WIRELESS_AUTO,39
60:0b:03:0e:29:b0,-84,2,HUST_WIRELESS,39
60:0b:03:0e:29:b1,-82,2,HUST_WIRELESS_AUTO,39
38:22:d6:8c:77:32,-84,2,HUST_TEST,39
60:0b:03:0e:2b:b1,-86,2,HUST_WIRELESS_AUTO,39
5a:69:6c:07:87:e8,-91,2,HUST_WIRELESS_AUTO,39
08:57:00:93:00:26,-93,2,liuLieBaoWiFi,39
5a:69:6c:07:87:e6,-91,2,HUST_WIRELESS,39
0e:69:6c:0a:bf:02,-86,2,HUST_WIRELESS_AUTO,39
38:22:d6:8c:77:30,-82,2,HUST_WIRELESS,39
06:69:6c:0a:bf:02,-86,2,HUST_WIRELESS,39
06:69:6c:0b:1f:1e,-67,2,HUST_WIRELESS,40
14:75:90:a5:bd:60,-69,2,hustac517,40
4a:69:6c:07:a1:e7,-63,2,HUST_WIRELESS_AUTO,40
4c:e6:76:c9:fc:00,-80,2,HongboJiangOffice,40
2a:69:6c:05:c5:25,-83,2,HUST_WIRELESS_AUTO,40
7c:d1:c3:76:79:fa,-78,2,ADESKTOP-ELSA6EU,40
d8:eb:97:23:da:5b,-84,2,dri,40
4a:69:6c:07:a1:e5,-63,2,HUST_WIRELESS,40
70:77:81:86:b3:d6,-91,2,HP-Print-d6-LaserJet Pro M202dw,40
60:67:20:ac:b3:51,-72,2,SWIFI,40
64:d9:54:66:c5:65,-73,2,Baidu7107,40
20:16:d8:c3:00:a5,-91,2,hzx,40
6a:69:6c:05:c3:07,-83,2,HUST_WIRELESS,40
0e:69:6c:0b:1f:1e,-66,2,HUST_WIRELESS_AUTO,40
00:0f:e2:db:26:20,-89,2,ChinaNet,40
00:0f:e2:db:25:20,-86,2,ChinaNet,40
60:0b:03:09:08:31,-82,2,HUST_WIRELESS_AUTO,40
00:0f:e2:a1:97:c0,-86,2,ChinaNet,40
e8:4e:06:2d:cc:54,-73,2,长按电源键即可连入,40
12:08:b1:d4:37:6d,-85,2,Taylor Hye,40
4a:69:6c:07:85:75,-88,2,HUST_WIRELESS,40
6a:69:6c:05:c3:09,-82,2,HUST_WIRELESS_AUTO,40
08:57:00:93:00:26,-91,2,liuLieBaoWiFi,40
02:87:33:09:3d:2c,-91,2,Breeze,40
b0:d5:9d:95:91:2b,-93,2,360WiFi-WJ,40
2a:69:6c:07:9e:45,-95,2,HUST_WIRELESS_AUTO,40
aa:69:6c:07:90:fb,-89,2,HUST_WIRELESS,40
60:0b:03:0e:29:b1,-82,2,HUST_WIRELESS_AUTO,40
aa:69:6c:07:90:fd,-89,2,HUST_WIRELESS_AUTO,40
0e:69:6c:0a:bf:02,-89,2,HUST_WIRELESS_AUTO,40
06:69:6c:0a:bf:be,-66,2,HUST_WIRELESS,40
60:0b:03:09:08:30,-85,2,HUST_WIRELESS,40
88:25:93:58:06:63,-90,2,TP-LINK_580663,40
00:87:36:31:8a:51,-90,2,取个啥名字好呢,40
d4:ee:07:50:f1:3c,-75,2,HiWiFi_50F13C,40
60:0b:03:0e:29:b0,-82,2,HUST_WIRELESS,40
06:69:6c:0b:1f:1e,-61,2,HUST_WIRELESS,41
14:75:90:a5:bd:60,-66,2,hustac517,41
4a:69:6c:07:a1:e7,-61,2,HUST_WIRELESS_AUTO,41
4c:e6:76:c9:fc:00,-71,2,HongboJiangOffice,41
d8:eb:97:23:da:5b,-84,2,dri,41
4a:69:6c:07:a1:e5,-61,2,HUST_WIRELESS,41
20:16:d8:c3:00:a5,-81,2,hzx,41
d4:ee:07:50:f1:3c,-76,2,HiWiFi_50F13C,41
70:77:81:86:b3:d6,-88,2,HP-Print-d6-LaserJet Pro M202dw,41
2a:69:6c:05:c5:23,-79,2,HUST_WIRELESS,41
2a:69:6c:05:c5:25,-79,2,HUST_WIRELESS_AUTO,41
00:87:36:31:8a:51,-82,2,取个啥名字好呢,41
60:67:20:ac:b3:51,-80,2,SWIFI,41
6a:69:6c:05:c3:09,-76,2,HUST_WIRELESS_AUTO,41
6a:69:6c:05:c3:07,-75,2,HUST_WIRELESS,41
0e:69:6c:0a:bf:be,-71,2,HUST_WIRELESS_AUTO,41
60:0b:03:0e:29:b1,-83,2,HUST_WIRELESS_AUTO,41
06:69:6c:0a:bf:be,-71,2,HUST_WIRELESS,41
60:0b:03:0e:29:b0,-83,2,HUST_WIRELESS,41
60:0b:03:09:08:31,-83,2,HUST_WIRELESS_AUTO,41
12:08:b1:d4:37:6d,-76,2,Taylor Hye,41
60:0b:03:09:08:30,-84,2,HUST_WIRELESS,41
ba:69:6c:07:a0:de,-92,2,HUST_WIRELESS_AUTO,41
aa:69:6c:07:90:fb,-88,2,HUST_WIRELESS,41
1a:69:6c:07:a0:32,-91,2,HUST_WIRELESS,41
02:87:33:09:3d:2c,-83,2,Breeze,41
08:57:00:93:00:26,-89,2,liuLieBaoWiFi,41
0e:69:6c:0b:1f:1e,-60,2,HUST_WIRELESS_AUTO,41
60:0b:03:0e:2b:b1,-80,2,HUST_WIRELESS_AUTO,41
60:0b:03:0e:2b:b0,-80,2,HUST_WIRELESS,41
ea:69:6c:07:92:4f,-85,2,HUST_WIRELESS,41
00:0f:e2:db:26:20,-93,2,ChinaNet,41
e8:4e:06:2d:cc:54,-72,2,长按电源键即可连入,41
64:d9:54:66:c5:65,-76,2,Baidu7107,41
88:25:93:58:06:63,-82,2,TP-LINK_580663,41
7c:d1:c3:76:79:fa,-86,2,ADESKTOP-ELSA6EU,41
06:69:6c:0b:1f:1e,-66,2,HUST_WIRELESS,42
14:75:90:a5:bd:60,-69,2,hustac517,42
4a:69:6c:07:a1:e7,-61,2,HUST_WIRELESS_AUTO,42
4c:e6:76:c9:fc:00,-69,2,HongboJiangOffice,42
d8:eb:97:23:da:5b,-89,2,dri,42
4a:69:6c:07:a1:e5,-60,2,HUST_WIRELESS,42
20:16:d8:c3:00:a5,-83,2,hzx,42
d4:ee:07:50:f1:3c,-66,2,HiWiFi_50F13C,42
70:77:81:86:b3:d6,-74,2,HP-Print-d6-LaserJet Pro M202dw,42
7c:d1:c3:76:79:fa,-82,2,ADESKTOP-ELSA6EU,42
00:0f:e2:a1:97:c0,-79,2,ChinaNet,42
2a:69:6c:05:c5:23,-84,2,HUST_WIRELESS,42
e8:4e:06:2d:cc:54,-69,2,长按电源键即可连入,42
0e:69:6c:0b:1f:1e,-60,2,HUST_WIRELESS_AUTO,42
0e:69:6c:0a:bf:be,-67,2,HUST_WIRELESS_AUTO,42
5a:69:6c:07:87:e8,-92,2,HUST_WIRELESS_AUTO,42
5a:69:6c:07:87:e6,-93,2,HUST_WIRELESS,42
4a:69:6c:07:85:77,-81,2,HUST_WIRELESS_AUTO,42
20:dc:e6:8a:d1:a2,-86,2,WQ-20170217BIDU_Network,42
2a:69:6c:05:c5:25,-83,2,HUST_WIRELESS_AUTO,42
6a:69:6c:05:c3:09,-87,2,HUST_WIRELESS_AUTO,42
06:69:6c:0a:bf:be,-67,2,HUST_WIRELESS,42
10:6f:3f:38:9b:89,-90,2,dd-wrt,42
60:67:20:ac:b3:51,-79,2,SWIFI,42
00:87:36:31:8a:51,-80,2,取个啥名字好呢,42
fa:69:6c:07:93:20,-91,2,HUST_WIRELESS,42
00:0f:e2:db:25:20,-74,2,ChinaNet,42
64:d9:54:66:c5:65,-82,2,Baidu7107,42
08:57:00:93:00:26,-89,2,liuLieBaoWiFi,42
ea:69:6c:07:92:41,-90,2,HUST_WIRELESS_AUTO,42
fa:69:6c:07:93:22,-93,2,HUST_WIRELESS_AUTO,42
c8:3a:35:22:ad:91,-93,2,HC5761,42
6a:69:6c:05:c3:07,-89,2,HUST_WIRELESS,42
88:25:93:58:06:63,-83,2,TP-LINK_580663,42
34:96:72:07:30:96,-88,2,TP-LINK_3096,42
06:69:6c:0b:1f:1e,-60,2,HUST_WIRELESS,43
14:75:90:a5:bd:60,-68,2,hustac517,43
4a:69:6c:07:a1:e7,-52,2,HUST_WIRELESS_AUTO,43
4c:e6:76:c9:fc:00,-81,2,HongboJiangOffice,43
d8:eb:97:23:da:5b,-86,2,dri,43
4a:69:6c:07:a1:e5,-53,2,HUST_WIRELESS,43
20:16:d8:c3:00:a5,-80,2,hzx,43
d4:ee:07:50:f1:3c,-67,2,HiWiFi_50F13C,43
70:77:81:86:b3:d6,-82,2,HP-Print-d6-LaserJet Pro M202dw,43
2a:69:6c:05:c5:23,-80,2,HUST_WIRELESS,43
2a:69:6c:05:c5:25,-80,2,HUST_WIRELESS_AUTO,43
00:87:36:31:8a:51,-74,2,取个啥名字好呢,43
0e:69:6c:0b:1f:1e,-59,2,HUST_WIRELESS_AUTO,43
e8:4e:06:2d:cc:54,-67,2,长按电源键即可连入,43
6a:69:6c:05:c3:09,-83,2,HUST_WIRELESS_AUTO,43
6a:69:6c:05:c3:07,-85,2,HUST_WIRELESS,43
7c:d1:c3:76:79:fa,-84,2,ADESKTOP-ELSA6EU,43
88:25:93:58:06:63,-88,2,TP-LINK_580663,43
48:3c:0c:eb:e4:6c,-90,2,lion,43
ba:69:6c:07:a0:de,-91,2,HUST_WIRELESS_AUTO,43
ba:69:6c:07:a0:dc,-93,2,HUST_WIRELESS,43
0e:69:6c:0a:bf:be,-77,2,HUST_WIRELESS_AUTO,43
12:08:b1:d4:37:6d,-86,2,Taylor Hye,43
20:dc:e6:8a:d1:a2,-87,2,WQ-20170217BIDU_Network,43
3a:69:6c:07:83:f6,-91,2,HUST_WIRELESS_AUTO,43
06:69:6c:0a:bf:be,-77,2,HUST_WIRELESS,43
00:0f:e2:a1:97:c0,-87,2,ChinaNet,43
3a:69:6c:07:83:f4,-91,2,HUST_WIRELESS,43
2a:69:6c:07:9e:45,-86,2,HUST_WIRELESS_AUTO,43
08:57:00:93:00:26,-87,2,liuLieBaoWiFi,43
02:87:33:09:3d:2c,-87,2,Breeze,43
64:d9:54:66:c5:65,-88,2,Baidu7107,43
4a:69:6c:07:85:77,-91,2,HUST_WIRELESS_AUTO,43
fa:69:6c:07:93:22,-92,2,HUST_WIRELESS_AUTO,43
60:0b:03:09:08:30,-81,2,HUST_WIRELESS,43
06:69:6c:0b:1f:1e,-61,2,HUST_WIRELESS,44
14:75:90:a5:bd:60,-73,2,hustac517,44
4a:69:6c:07:a1:e7,-54,2,HUST_WIRELESS_AUTO,44
4c:e6:76:c9:fc:00,-77,2,HongboJiangOffice,44
d8:eb:97:23:da:5b,-91,2,dri,44
4a:69:6c:07:a1:e5,-53,2,HUST_WIRELESS,44
20:16:d8:c3:00:a5,-75,2,hzx,44
d4:ee:07:50:f1:3c,-62,2,HiWiFi_50F13C,44
70:77:81:86:b3:d6,-76,2,HP-Print-d6-LaserJet Pro M202dw,44
0e:69:6c:0b:1f:1e,-61,2,HUST_WIRELESS_AUTO,44
6a:69:6c:05:c3:09,-84,2,HUST_WIRELESS_AUTO,44
6a:69:6c:05:c3:07,-84,2,HUST_WIRELESS,44
00:0f:e2:a1:97:c0,-85,2,ChinaNet,44
e8:4e:06:2d:cc:54,-71,2,长按电源键即可连入,44
12:08:b1:d4:37:6d,-77,2,Taylor Hye,44
00:0f:e2:db:26:20,-91,2,ChinaNet,44
60:0b:03:09:08:30,-84,2,HUST_WIRELESS,44
7c:d1:c3:76:79:fa,-80,2,ADESKTOP-ELSA6EU,44
08:57:00:93:00:26,-92,2,liuLieBaoWiFi,44
60:0b:03:09:08:31,-84,2,HUST_WIRELESS_AUTO,44
02:87:33:09:3d:2c,-85,2,Breeze,44
2a:69:6c:07:9e:43,-84,2,HUST_WIRELESS,44
64:d9:54:66:c5:65,-74,2,Baidu7107,44
00:87:36:31:8a:51,-85,2,取个啥名字好呢,44
00:0f:e2:db:25:20,-72,2,ChinaNet,44
60:67:20:ac:b3:51,-74,2,SWIFI,44
60:0b:03:0e:2b:b1,-86,2,HUST_WIRELESS_AUTO,44
06:69:6c:0b:1f:1e,-54,2,HUST_WIRELESS,45
14:75:90:a5:bd:60,-70,2,hustac517,45
4a:69:6c:07:a1:e7,-67,2,HUST_WIRELESS_AUTO,45
4c:e6:76:c9:fc:00,-69,2,HongboJiangOffice,45
d8:eb:97:23:da:5b,-83,2,dri,45
4a:69:6c:07:a1:e5,-67,2,HUST_WIRELESS,45
20:16:d8:c3:00:a5,-76,2,hzx,45
d4:ee:07:50:f1:3c,-69,2,HiWiFi_50F13C,45
70:77:81:86:b3:d6,-76,2,HP-Print-d6-LaserJet Pro M202dw,45
0e:69:6c:0b:1f:1e,-55,2,HUST_WIRELESS_AUTO,45
e8:4e:06:2d:cc:54,-75,2,长按电源键即可连入,45
7c:d1:c3:76:79:fa,-85,2,ADESKTOP-ELSA6EU,45
2a:69:6c:05:c5:25,-82,2,HUST_WIRELESS_AUTO,45
2a:69:6c:05:c5:23,-83,2,HUST_WIRELESS,45
60:0b:03:09:08:31,-83,2,HUST_WIRELESS_AUTO,45
60:0b:03:09:08:30,-82,2,HUST_WIRELESS,45
0e:69:6c:0a:bf:be,-72,2,HUST_WIRELESS_AUTO,45
00:0f:e2:a1:97:c0,-78,2,ChinaNet,45
60:67:20:ac:b3:51,-84,2,SWIFI,45
20:dc:e6:8a:d1:a2,-88,2,WQ-20170217BIDU_Network,45
00:0f:e2:db:25:20,-73,2,ChinaNet,45
ea:69:6c:07:92:41,-91,2,HUST_WIRELESS_AUTO,45
ea:69:6c:07:92:4f,-93,2,HUST_WIRELESS,45
12:08:b1:d4:37:6d,-80,2,Taylor Hye,45
02:87:33:09:3d:2c,-85,2,Breeze,45
2a:69:6c:07:9e:45,-85,2,HUST_WIRELESS_AUTO,45
48:3c:0c:eb:e4:6c,-90,2,lion,45
00:87:36:31:8a:51,-73,2,取个啥名字好呢,45
60:0b:03:0e:2b:b1,-82,2,HUST_WIRELESS_AUTO,45
0e:69:6c:0a:bf:7a,-87,2,HUST_WIRELESS_AUTO,45
60:0b:03:0e:2b:b0,-82,2,HUST_WIRELESS,45
60:0b:03:0e:29:b0,-87,2,HUST_WIRELESS,45
08:57:00:93:00:26,-87,2,liuLieBaoWiFi,45
5a:69:6c:07:87:e8,-88,2,HUST_WIRELESS_AUTO,45
c8:3a:35:22:ad:91,-95,2,HC5761,45
06:69:6c:0b:1f:1e,-54,2,HUST_WIRELESS,46
14:75:90:a5:bd:60,-64,2,hustac517,46
4a:69:6c:07:a1:e7,-59,2,HUST_WIRELESS_AUTO,46
4c:e6:76:c9:fc:00,-65,2,HongboJiangOffice,46
4a:69:6c:07:a1:e5,-60,2,HUST_WIRELESS,46
d4:ee:07:50:f1:3c,-71,2,HiWiFi_50F13C,46
0e:69:6c:0b:1f:1e,-54,2,HUST_WIRELESS_AUTO,46
70:77:81:86:b3:d6,-84,2,HP-Print-d6-LaserJet Pro M202dw,46
20:16:d8:c3:00:a5,-87,2,hzx,46
60:0b:03:09:08:31,-79,2,HUST_WIRELESS_AUTO,46
60:0b:03:09:08:30,-79,2,HUST_WIRELESS,46
2a:69:6c:05:c5:23,-85,2,HUST_WIRELESS,46
2a:69:6c:05:c5:25,-86,2,HUST_WIRELESS_AUTO,46
00:0f:e2:a1:97:c0,-86,2,ChinaNet,46
ba:69:6c:07:a0:dc,-89,2,HUST_WIRELESS,46
88:25:93:58:06:63,-88,2,TP-LINK_580663,46
60:67:20:ac:b3:51,-72,2,SWIFI,46
00:87:36:31:8a:51,-80,2,取个啥名字好呢,46
aa:69:6c:07:91:ed,-91,2,HUST_WIRELESS_AUTO,46
2a:69:6c:07:9e:43,-82,2,HUST_WIRELESS,46
aa:69:6c:07:91:eb,-90,2,HUST_WIRELESS,46
60:0b:03:0e:2b:b1,-75,2,HUST_WIRELESS_AUTO,46
60:0b:03:0e:2b:b0,-76,2,HUST_WIRELESS,46
00:0f:e2:db:25:20,-81,2,ChinaNet,46
e8:4e:06:2d:cc:54,-71,2,长按电源键即可连入,46
ba:69:6c:07:a0:de,-89,2,HUST_WIRELESS_AUTO,46
28:6c:07:c3:b0:c7,-90,2,xiao,46
fa:69:6c:07:93:22,-92,2,HUST_WIRELESS_AUTO,46
4a:69:6c:07:85:75,-91,2,HUST_WIRELESS,46
12:08:b1:d4:37:6d,-81,2,Taylor Hye,46
06:69:6c:0b:1f:1e,-56,2,HUST_WIRELESS,47
14:75:90:a5:bd:60,-61,2,hustac517,47
4a:69:6c:07:a1:e7,-62,2,HUST_WIRELESS_AUTO,47
4c:e6:76:c9:fc:00,-71,2,HongboJiangOffice,47
4a:69:6c:07:a1:e5,-62,2,HUST_WIRELESS,47
d4:ee:07:50:f1:3c,-72,2,HiWiFi_50F13C,47
2a:69:6c:05:c5:23,-76,2,HUST_WIRELESS,47
0e:69:6c:0b:1f:1e,-59,2,HUST_WIRELESS_AUTO,47
70:77:81:86:b3:d6,-74,2,HP-Print-d6-LaserJet Pro M202dw,47
20:16:d8:c3:00:a5,-77,2,hzx,47
e8:4e:06:2d:cc:54,-69,2,长按电源键即可连入,47
7c:d1:c3:76:79:fa,-87,2,ADESKTOP-ELSA6EU,47
48:3c:0c:eb:e4:6c,-91,2,lion,47
08:57:00:93:00:26,-89,2,liuLieBaoWiFi,47
d8:eb:97:23:da:5b,-85,2,dri,47
0e:69:6c:0a:bf:be,-72,2,HUST_WIRELESS_AUTO,47
00:0f:e2:a1:97:c0,-81,2,ChinaNet,47
12:08:b1:d4:37:6d,-78,2,Taylor Hye,47
60:0b:03:09:08:31,-80,2,HUST_WIRELESS_AUTO,47
64:d9:54:66:c5:65,-80,2,Baidu7107,47
06:69:6c:0a:bf:be,-72,2,HUST_WIRELESS,47
60:0b:03:09:08:30,-80,2,HUST_WIRELESS,47
60:0b:03:0e:29:b0,-84,2,HUST_WIRELESS,47
2a:69:6c:05:c5:25,-75,2,HUST_WIRELESS_AUTO,47
20:dc:e6:8a:d1:a2,-81,2,WQ-20170217BIDU_Network,47
5a:69:6c:07:87:e6,-93,2,HUST_WIRELESS,47
06:69:6c:0b:1f:1e,-53,2,HUST_WIRELESS,48
14:75:90:a5:bd:60,-58,2,hustac517,48
4a:69:6c:07:a1:e7,-75,2,HUST_WIRELESS_AUTO,48
4c:e6:76:c9:fc:00,-66,2,HongboJiangOffice,48
d8:eb:97:23:da:5b,-87,2,dri,48
4a:69:6c:07:a1:e5,-74,2,HUST_WIRELESS,48
20:16:d8:c3:00:a5,-79,2,hzx,48
d4:ee:07:50:f1:3c,-64,2,HiWiFi_50F13C,48
70:77:81:86:b3:d6,-78,2,HP-Print-d6-LaserJet Pro M202dw,48
e8:4e:06:2d:cc:54,-74,2,长按电源键即可连入,48
2a:69:6c:05:c5:23,-84,2,HUST_WIRELESS,48
00:87:36:31:8a:51,-76,2,取个啥名字好呢,48
5a:69:6c:07:87:e6,-89,2,HUST_WIRELESS,48
0e:69:6c:0b:1f:1e,-53,2,HUST_WIRELESS_AUTO,48
5a:69:6c:07:87:e8,-88,2,HUST_WIRELESS_AUTO,48
00:0f:e2:db:25:20,-70,2,ChinaNet,48
2a:69:6c:05:c5:25,-83,2,HUST_WIRELESS_AUTO,48
34:96:72:07:30:96,-89,2,TP-LINK_3096,48
7a:69:6c:07:a0:78,-88,2,HUST_WIRELESS,48
60:0b:03:0e:29:b1,-81,2,HUST_WIRELESS_AUTO,48
08:57:00:93:00:26,-90,2,liuLieBaoWiFi,48
60:0b:03:0e:29:b0,-80,2,HUST_WIRELESS,48
64:d9:54:66:c5:65,-79,2,Baidu7107,48
00:0f:e2:a1:97:c0,-74,2,ChinaNet,48
60:0b:03:09:08:31,-83,2,HUST_WIRELESS_AUTO,48
48:3c:0c:eb:e4:6c,-90,2,lion,48
80:89:17:97:28:5e,-90,2,laopopo,48
60:0b:03:09:08:30,-83,2,HUST_WIRELESS,48
10:6f:3f:38:9b:89,-87,2,dd-wrt,48
06:69:6c:0b:1f:1e,-54,2,HUST_WIRELESS,49
14:75:90:a5:bd:60,-69,2,hustac517,49
4a:69:6c:07:a1:e7,-57,2,HUST_WIRELESS_AUTO,49
4c:e6:76:c9:fc:00,-72,2,HongboJiangOffice,49
4a:69:6c:07:a1:e5,-57,2,HUST_WIRELESS,49
d4:ee:07:50:f1:3c,-65,2,HiWiFi_50F13C,49
70:77:81:86:b3:d6,-80,2,HP-Print-d6-LaserJet Pro M202dw,49
20:16:d8:c3:00:a5,-77,2,hzx,49
e8:4e:06:2d:cc:54,-73,2,长按电源键即可连入,49
d8:eb:97:23:da:5b,-88,2,dri,49
60:0b:03:0e:29:b0,-82,2,HUST_WIRELESS,49
0e:69:6c:0a:bf:be,-73,2,HUST_WIRELESS_AUTO,49
06:69:6c:0a:bf:be,-75,2,HUST_WIRELESS,49
ba:69:6c:07:a0:de,-93,2,HUST_WIRELESS_AUTO,49
60:0b:03:09:08:31,-77,2,HUST_WIRELESS_AUTO,49
60:0b:03:09:08:30,-77,2,HUST_WIRELESS,49
2a:69:6c:05:c5:25,-84,2,HUST_WIRELESS_AUTO,49
08:57:00:93:00:26,-89,2,liuLieBaoWiFi,49
2a:69:6c:05:c5:23,-84,2,HUST_WIRELESS,49
00:0f:e2:a1:97:c0,-74,2,ChinaNet,49
0e:69:6c:0b:1f:1e,-53,2,HUST_WIRELESS_AUTO,49
00:0f:e2:db:25:20,-71,2,ChinaNet,49
ba:69:6c:07:a0:dc,-91,2,HUST_WIRELESS,49
60:0b:03:0e:29:b1,-82,2,HUST_WIRELESS_AUTO,49
34:96:72:07:30:96,-88,2,TP-LINK_3096,49
00:87:36:31:8a:51,-90,2,取个啥名字好呢,49
02:87:33:09:3d:2c,-85,2,Breeze,49
f4:83:cd:b3:c4:0d,-89,2,TP-LINK_C40D,49
5a:69:6c:07:87:e8,-92,2,HUST_WIRELESS_AUTO,49
60:0b:03:0e:2b:b0,-79,2,HUST_WIRELESS,49
5a:69:6c:07:87:e6,-93,2,HUST_WIRELESS,49
06:69:6c:0b:1f:1e,-55,2,HUST_WIRELESS,50
14:75:90:a5:bd:60,-61,2,hustac517,50
4a:69:6c:07:a1:e7,-61,2,HUST_WIRELESS_AUTO,50
4c:e6:76:c9:fc:00,-70,2,HongboJiangOffice,50
4a:69:6c:07:a1:e5,-62,2,HUST_WIRELESS,50
d4:ee:07:50:f1:3c,-71,2,HiWiFi_50F13C,50
70:77:81:86:b3:d6,-79,2,HP-Print-d6-LaserJet Pro M202dw,50
20:16:d8:c3:00:a5,-73,2,hzx,50
e8:4e:06:2d:cc:54,-66,2,长按电源键即可连入,50
d8:eb:97:23:da:5b,-85,2,dri,50
0e:69:6c:0b:1f:1e,-54,2,HUST_WIRELESS_AUTO,50
00:87:36:31:8a:51,-78,2,取个啥名字好呢,50
2a:69:6c:05:c5:25,-81,2,HUST_WIRELESS_AUTO,50
2a:69:6c:05:c5:23,-82,2,HUST_WIRELESS,50
5a:69:6c:07:87:e8,-87,2,HUST_WIRELESS_AUTO,50
5a:69:6c:07:87:e6,-89,2,HUST_WIRELESS,50
20:dc:e6:8a:d1:a2,-88,2,WQ-20170217BIDU_Network,50
64:d9:54:66:c5:65,-80,2,Baidu7107,50
02:87:33:09:3d:2c,-87,2,Breeze,50
60:0b:03:0e:29:b1,-79,2,HUST_WIRELESS_AUTO,50
60:67:20:ac:b3:51,-77,2,SWIFI,50
0e:69:6c:0a:bf:be,-74,2,HUST_WIRELESS_AUTO,50
60:0b:03:09:08:31,-80,2,HUST_WIRELESS_AUTO,50
06:69:6c:0a:bf:be,-76,2,HUST_WIRELESS,50
60:0b:03:09:08:30,-81,2,HUST_WIRELESS,50
12:08:b1:d4:37:6d,-80,2,Taylor Hye,50
08:57:00:93:00:26,-90,2,liuLieBaoWiFi,50
fa:69:6c:07:93:22,-91,2,HUST_WIRELESS_AUTO,50
2a:69:6c:07:a0:75,-94,2,HUST_WIRELESS_AUTO,50
00:0f:e2:db:25:20,-72,2,ChinaNet,50
60:0b:03:0e:29:b0,-79,2,HUST_WIRELESS,50
00:0f:e2:a1:97:c0,-80,2,ChinaNet,50
38:22:d6:aa:15:30,-92,2,ChinaNet,50
06:69:6c:0b:1f:1e,-56,2,HUST_WIRELESS,51
14:75:90:a5:bd:60,-62,2,hustac517,51
4a:69:6c:07:a1:e7,-64,2,HUST_WIRELESS_AUTO,51
4c:e6:76:c9:fc:00,-73,2,HongboJiangOffice,51
4a:69:6c:07:a1:e5,-65,2,HUST_WIRELESS,51
d4:ee:07:50:f1:3c,-72,2,HiWiFi_50F13C,51
70:77:81:86:b3:d6,-80,2,HP-Print-d6-LaserJet Pro M202dw,51
20:16:d8:c3:00:a5,-74,2,hzx,51
2a:69:6c:05:c5:23,-77,2,HUST_WIRELESS,51
60:0b:03:09:08:30,-80,2,HUST_WIRELESS,51
0e:69:6c:0b:1f:1e,-56,2,HUST_WIRELESS_AUTO,51
d8:eb:97:23:da:5b,-84,2,dri,51
60:0b:03:09:08:31,-79,2,HUST_WIRELESS_AUTO,51
2a:69:6c:05:c5:25,-77,2,HUST_WIRELESS_AUTO,51
e8:4e:06:2d:cc:54,-72,2,长按电源键即可连入,51
02:87:33:09:3d:2c,-85,2,Breeze,51
00:0f:e2:a1:97:c0,-83,2,ChinaNet,51
06:69:6c:0a:bf:be,-81,2,HUST_WIRELESS,51
88:25:93:58:06:63,-88,2,TP-LINK_580663,51
6a:69:6c:05:c3:09,-89,2,HUST_WIRELESS_AUTO,51
6a:69:6c:05:c3:07,-87,2,HUST_WIRELESS,51
60:67:20:ac:b3:51,-75,2,SWIFI,51
0e:69:6c:0a:bf:be,-81,2,HUST_WIRELESS_AUTO,51
7c:d1:c3:76:79:fa,-85,2,ADESKTOP-ELSA6EU,51
0e:69:6c:0a:bf:7a,-89,2,HUST_WIRELESS_AUTO,51
d0:fa:1d:c1:ad:cf,-82,2,360行车记录仪-ADCF,51
06:69:6c:0a:bf:7a,-88,2,HUST_WIRELESS,51
64:d9:54:66:c5:65,-81,2,Baidu7107,51
ea:69:6c:07:92:41,-94,2,HUST_WIRELESS_AUTO,51
20:dc:e6:8a:d1:a2,-85,2,WQ-20170217BIDU_Network,51
12:08:b1:d4:37:6d,-86,2,Taylor Hye,51
00:0f:e2:db:25:20,-81,2,ChinaNet,51
60:0b:03:0e:29:b0,-82,2,HUST_WIRELESS,51
06:69:6c:0b:1f:1e,-60,2,HUST_WIRELESS,52
14:75:90:a5:bd:60,-66,2,hustac517,52
4a:69:6c:07:a1:e7,-58,2,HUST_WIRELESS_AUTO,52
4c:e6:76:c9:fc:00,-70,2,HongboJiangOffice,52
4a:69:6c:07:a1:e5,-59,2,HUST_WIRELESS,52
d4:ee:07:50:f1:3c,-65,2,HiWiFi_50F13C,52
70:77:81:86:b3:d6,-75,2,HP-Print-d6-LaserJet Pro M202dw,52
20:16:d8:c3:00:a5,-73,2,hzx,52
2a:69:6c:05:c5:23,-90,2,HUST_WIRELESS,52
e8:4e:06:2d:cc:54,-69,2,长按电源键即可连入,52
60:0b:03:09:08:30,-81,2,HUST_WIRELESS,52
0e:69:6c:0b:1f:1e,-64,2,HUST_WIRELESS_AUTO,52
88:25:93:58:06:63,-92,2,TP-LINK_580663,52
0e:69:6c:0a:bf:be,-76,2,HUST_WIRELESS_AUTO,52
06:69:6c:0a:bf:be,-76,2,HUST_WIRELESS,52
d8:eb:97:23:da:5b,-91,2,dri,52
ba:69:6c:07:a0:de,-93,2,HUST_WIRELESS_AUTO,52
ba:69:6c:07:a0:dc,-92,2,HUST_WIRELESS,52
02:87:33:09:3d:2c,-79,2,Breeze,52
00:87:36:31:8a:51,-80,2,取个啥名字好呢,52
60:0b:03:09:08:31,-80,2,HUST_WIRELESS_AUTO,52
7a:69:6c:07:a0:7a,-91,2,HUST_WIRELESS_AUTO,52
7a:69:6c:07:a0:78,-91,2,HUST_WIRELESS,52
60:67:20:ac:b3:51,-78,2,SWIFI,52
12:08:b1:d4:37:6d,-79,2,Taylor Hye,52
64:d9:54:66:c5:65,-85,2,Baidu7107,52
00:0f:e2:db:25:20,-74,2,ChinaNet,52
06:69:6c:0b:1f:1e,-52,2,HUST_WIRELESS,53
14:75:90:a5:bd:60,-61,2,hustac517,53
4a:69:6c:07:a1:e7,-71,2,HUST_WIRELESS_AUTO,53
4c:e6:76:c9:fc:00,-73,2,HongboJiangOffice,53
4a:69:6c:07:a1:e5,-71,2,HUST_WIRELESS,53
d4:ee:07:50:f1:3c,-61,2,HiWiFi_50F13C,53
70:77:81:86:b3:d6,-84,2,HP-Print-d6-LaserJet Pro M202dw,53
20:16:d8:c3:00:a5,-74,2,hzx,53
0e:69:6c:0b:1f:1e,-52,2,HUST_WIRELESS_AUTO,53
00:0f:e2:db:25:20,-74,2,ChinaNet,53
2a:69:6c:05:c5:25,-82,2,HUST_WIRELESS_AUTO,53
2a:69:6c:05:c5:23,-81,2,HUST_WIRELESS,53
0e:69:6c:0a:bf:be,-82,2,HUST_WIRELESS_AUTO,53
06:69:6c:0a:bf:be,-82,2,HUST_WIRELESS,53
0e:69:6c:0b:1b:be,-88,2,HUST_WIRELESS_AUTO,53
48:3c:0c:eb:e4:6c,-93,2,lion,53
06:69:6c:0b:1b:be,-88,2,HUST_WIRELESS,53
fa:69:6c:07:93:22,-91,2,HUST_WIRELESS_AUTO,53
d8:eb:97:23:da:5b,-88,2,dri,53
10:6f:3f:38:9b:89,-91,2,dd-wrt,53
60:67:20:ac:b3:51,-80,2,SWIFI,53
20:dc:e6:8a:d1:a2,-79,2,WQ-20170217BIDU_Network,53
60:0b:03:0e:2b:b1,-83,2,HUST_WIRELESS_AUTO,53
12:08:b1:d4:37:6d,-83,2,Taylor Hye,53
60:0b:03:0e:29:b1,-84,2,HUST_WIRELESS_AUTO,53
60:0b:03:09:08:31,-86,2,HUST_WIRELESS_AUTO,53
60:0b:03:0e:29:b0,-85,2,HUST_WIRELESS,53
60:0b:03:0e:2b:b0,-84,2,HUST_WIRELESS,53
e8:4e:06:2d:cc:54,-76,2,长按电源键即可连入,53
5a:69:6c:07:87:e8,-88,2,HUST_WIRELESS_AUTO,53
08:57:00:93:00:26,-88,2,liuLieBaoWiFi,53
00:0f:e2:a1:97:c0,-84,2,ChinaNet,53
60:0b:03:09:08:30,-86,2,HUST_WIRELESS,53
5a:69:6c:07:87:e6,-89,2,HUST_WIRELESS,53
fa:69:6c:07:93:20,-91,2,HUST_WIRELESS,53
38:22:d6:aa:15:30,-93,2,ChinaNet,53
